en,zh-tw,description
.htaccess,.htaccess,Apache 網頁伺服器的組態檔
2-step authentication,兩步驟驗證,
abbreviation,縮寫,
Abidjan,阿必尚,洲、國家/地區、城市名稱
Abkhazian,亞布卡薩文,語言名稱，介面中稱文不稱語
absolute path,絕對路徑,
accent color,強調色彩,
access,存取,
access,存取權,
access control,存取控制,
accessibility ready,無障礙支援,
account,帳號,
Accra,阿克拉,洲、國家/地區、城市名稱
acronym,縮略字,
ACT,澳大利亞首都特區,洲、國家/地區、城市名稱
action,動作,
action,操作,
action hook,動作勾點,適用於程式開發
activate,啟用,
active,已啟用,
active,使用中,
Active Directory,Active Directory,
Adak,埃達克,洲、國家/地區、城市名稱
add,新增,
add translation,新增譯文,
Addis Ababa,阿迪斯阿貝巴,洲、國家/地區、城市名稱
addon,附加元件,
add-on,附加元件,
addon domain,附加網域,
Adelaide,阿得雷德,洲、國家/地區、城市名稱
Aden,亞頓,洲、國家/地區、城市名稱
admin bar,工具列,Admin Bar 是核心程式中的舊稱，新的同義字串是 Toolbar，即工具列，所以新舊版稱呼均一致性稱為「工具列」
admin panel,管理面板,
administrator,網站管理員,適用於 WordPress 預設使用者角色
Adobe,Adobe,
Adobe Fonts,Adobe Fonts,
Adobe Fonts,Adobe Fonts 網頁字型,
advanced settings,進階設定,
Afar,阿法文,語言名稱，介面中稱文不稱語
Afghan afghani,阿富汗阿富汗尼,貨幣名稱
Afrikaans,南非荷蘭文,語言名稱，介面中稱文不稱語
Akan,阿寒文,語言名稱，介面中稱文不稱語
Albanian,阿爾巴尼亞文,語言名稱，介面中稱文不稱語
Albanian lek,阿爾巴尼亞列克,貨幣名稱
Algerian dinar,阿爾及利亞第納爾,貨幣名稱
Algiers,阿爾及爾,洲、國家/地區、城市名稱
Almaty,阿馬提,洲、國家/地區、城市名稱
alphabet,字母,
alphanumeric,英數字元,
alphanumeric character,英數字元,
alt text,替代文字,
alternate text,替代文字,
alternate URL,替代網址,
America,美洲,洲、國家/地區、城市名稱
Amharic,阿姆哈拉文,語言名稱，介面中稱文不稱語
Amman,安曼,洲、國家/地區、城市名稱
Amsterdam,阿姆斯特丹,洲、國家/地區、城市名稱
Anadyr,阿納底,洲、國家/地區、城市名稱
anchor,錨點,
Anchorage,安克拉治,洲、國家/地區、城市名稱
Andorra,安道爾,洲、國家/地區、城市名稱
Android,Android,作業系統名稱
Angolan kwanza,安哥拉寬扎,貨幣名稱
Anguilla,安圭拉,洲、國家/地區、城市名稱
Antananarivo,安塔那那利佛,洲、國家/地區、城市名稱
Antarctica,南極洲,洲、國家/地區、城市名稱
Antigua,安地卡,洲、國家/地區、城市名稱
Apache,Apache,網頁伺服器名稱
Apia,亞庇,洲、國家/地區、城市名稱
Apple,Apple,
Apple Music,Apple Music,線上影音串流服務名稱
Application Pool,應用程式集區,適用於程式開發
apply,套用,
approve,核准,
Aqtau,阿克陶,洲、國家/地區、城市名稱
Aqtobe,阿克托比,洲、國家/地區、城市名稱
Arabic,阿拉伯文,語言名稱，介面中稱文不稱語
Aragonese,亞拉岡文,語言名稱，介面中稱文不稱語
Araguaina,阿拉瓜伊納,洲、國家/地區、城市名稱
archive,彙整,
archive,彙整頁面,
archive,壓縮檔,
Arctic,北極,洲、國家/地區、城市名稱
Are you sure,確定要繼續操作嗎,
area,區域,
Argentina,阿根廷,洲、國家/地區、城市名稱
Argentine peso,阿根廷披索,貨幣名稱
argument,引數,
Armenian,亞美尼亞文,語言名稱，介面中稱文不稱語
Armenian dram,亞美尼亞德拉姆,貨幣名稱
array,陣列,
arrow key,箭號,
arrow key,方向鍵,鍵盤按鍵名稱
Aruba,阿路巴,洲、國家/地區、城市名稱
Aruban florin,阿魯巴弗羅林,貨幣名稱
ascending,升冪,
Ashgabat,阿什哈巴德,洲、國家/地區、城市名稱
Ashkhabad,阿什哈巴德,洲、國家/地區、城市名稱
Asia,亞洲,洲、國家/地區、城市名稱
Asmara,阿斯馬拉,洲、國家/地區、城市名稱
Asmera,阿斯馬拉,洲、國家/地區、城市名稱
aspect ratio,外觀比例,
Assamese,阿薩姆文,語言名稱，介面中稱文不稱語
assemble,組譯,
asset file,資產檔案,
assign,指派,
Astrakhan,阿斯特拉罕,洲、國家/地區、城市名稱
Asuncion,亞松森,洲、國家/地區、城市名稱
Athens,雅典,洲、國家/地區、城市名稱
Atikokan,阿蒂科肯,洲、國家/地區、城市名稱
Atka,阿特卡,洲、國家/地區、城市名稱
Atlantic,大西洋,洲、國家/地區、城市名稱
attachment,附件,
attack,攻擊,
Atyrau,阿特勞,洲、國家/地區、城市名稱
Auckland,奧克蘭,洲、國家/地區、城市名稱
audio,音訊,
audit,稽核,
Australia,澳洲,洲、國家/地區、城市名稱
Australian dollar,澳元,貨幣名稱
authentication,驗證,
authentication code,驗證碼,
authenticator,驗證器,適用於不是產生兩步驟驗證碼的驗證程式
authenticator,驗證碼產生器,
authenticator app,驗證碼產生器 App,
author,開發者,有時候 author 也會指「開發者」
author,作者,適用於 WordPress 預設使用者角色
author,作者,適用於內容作者
automatic install,自動安裝,
automatic installation,自動安裝,
Automatically Install,自動安裝,
Automattic,Automattic,WordPress 的母公司
Avaric,阿瓦爾文,語言名稱，介面中稱文不稱語
avatar,個人頭像,
Avestan,阿維斯塔文,語言名稱，介面中稱文不稱語
Aymara,艾馬拉文,語言名稱，介面中稱文不稱語
Azerbaijani,亞塞拜然文,語言名稱，介面中稱文不稱語
Azerbaijani manat,亞塞拜然馬納特,貨幣名稱
Azores,亞述群島,洲、國家/地區、城市名稱
backend,後端,
back-end,後端,
background,背景,
background color,背景色彩,
background image,背景圖片,
background video,背景影片,
backlink,反向連結,
backup,備份,
badge,徽章,
badge,名牌,
badge,識別證,
Baghdad,巴格達,洲、國家/地區、城市名稱
Bahamian dollar,巴哈馬元,貨幣名稱
Bahia,巴伊亞,洲、國家/地區、城市名稱
Bahia Banderas,班德拉斯灣,洲、國家/地區、城市名稱
Bahrain,巴林,洲、國家/地區、城市名稱
Bahraini dinar,巴林戴納,貨幣名稱
Baku,巴庫,洲、國家/地區、城市名稱
Bamako,巴馬科,洲、國家/地區、城市名稱
Bambara,班巴拉文,語言名稱，介面中稱文不稱語
Bangkok,曼谷,洲、國家/地區、城市名稱
Bangladeshi taka,孟加拉塔卡,貨幣名稱
Bangui,班基,洲、國家/地區、城市名稱
Banjul,班竹,洲、國家/地區、城市名稱
Barbadian dollar,巴貝多元,貨幣名稱
Barbados,巴貝多,洲、國家/地區、城市名稱
Barnaul,巴爾瑙爾,洲、國家/地區、城市名稱
base,目錄起點,適用於網站網址結構相關內容
Bashkir,巴什喀爾文,語言名稱，介面中稱文不稱語
Basque,巴斯克文,語言名稱，介面中稱文不稱語
bbPress,bbPress,
bearer,持有人,
Beirut,貝魯特,洲、國家/地區、城市名稱
Belarusian,白羅斯文,語言名稱，介面中稱文不稱語
Belarusian ruble,白羅斯盧布,貨幣名稱
Belarusian ruble (old),白羅斯盧布 (舊幣),貨幣名稱
Belem,貝倫,洲、國家/地區、城市名稱
Belfast,貝爾發斯特,洲、國家/地區、城市名稱
Belgrade,貝爾格勒,洲、國家/地區、城市名稱
Belize,貝里斯,洲、國家/地區、城市名稱
Belize dollar,貝里斯元,貨幣名稱
benchmark,效能評定,
Bengali,孟加拉文,語言名稱，介面中稱文不稱語
Bengali (Bangladesh),孟加拉文 (孟加拉),語言名稱，介面中稱文不稱語
BeReal,BeReal,社交網路服務平台名稱
Berlin,柏林,洲、國家/地區、城市名稱
Bermuda,百慕達,洲、國家/地區、城市名稱
Bermudian dollar,百慕達元,貨幣名稱
Beulah,比尤拉,洲、國家/地區、城市名稱
Bhutanese ngultrum,不丹努爾特魯姆,貨幣名稱
Bihari,比哈文,語言名稱，介面中稱文不稱語
billing,帳單,
binary,二進位,
binary file,二進位檔案,
bind,繫結,
binding,繫結,
Bishkek,比斯凱克,洲、國家/地區、城市名稱
Bislama,比斯拉馬文,語言名稱，介面中稱文不稱語
Bissau,比索,洲、國家/地區、城市名稱
Bitbucket,Bitbucket,原始程式碼存放庫服務名稱
Bitcoin,比特幣,貨幣名稱
black list,封鎖清單,
blacklist,封鎖清單,
Blanc-Sablon,布郎薩布隆,洲、國家/地區、城市名稱
Blantyre,布藍泰爾,洲、國家/地區、城市名稱
block editor,區塊編輯器,適用於區塊編輯器及全站編輯相關內容
block pattern,區塊版面配置,適用於區塊編輯器及全站編輯相關內容
block type,區塊類型,適用於區塊編輯器及全站編輯相關內容
Blogger,Blogger,內容發佈平台名稱
Boa Vista,博阿維斯塔島,洲、國家/地區、城市名稱
Bogota,波哥大,洲、國家/地區、城市名稱
Boise,波夕,洲、國家/地區、城市名稱
bold,粗體,適用於字型相關內容
Bolivian boliviano,玻利維亞諾,貨幣名稱
bookmarklet,書籤小工具,
bootstrap,啟動程序,
Bootstrap,Bootstrap,網站開發架構
border,框線,
Bosnia and Herzegovina convertible mark,波士尼亞與赫塞哥維納可兌換馬克,貨幣名稱
Bosnian,波士尼亞文,語言名稱，介面中稱文不稱語
Botswana pula,波札那普拉,貨幣名稱
Bougainville,布干維爾島,洲、國家/地區、城市名稱
Bratislava,布拉提斯拉瓦,洲、國家/地區、城市名稱
Brazilian real,巴西雷亞爾,貨幣名稱
Brazzaville,布拉薩市,洲、國家/地區、城市名稱
breadcrumb,導覽標記,
break point,中斷點,適用於網頁設計
breakpoint,中斷點,適用於網頁設計
Breton,布里敦文,語言名稱，介面中稱文不稱語
Brisbane,布里斯本,洲、國家/地區、城市名稱
Broken Hill,布羅肯希爾,洲、國家/地區、城市名稱
browse,瀏覽,
browser,瀏覽器,洲、國家/地區、城市名稱
Brunei,汶萊,洲、國家/地區、城市名稱
Brunei dollar,汶萊元,貨幣名稱
Brussels,布魯塞爾,洲、國家/地區、城市名稱
brute force,暴力密碼破解,
Bucharest,布加勒斯特,洲、國家/地區、城市名稱
Budapest,布達佩斯,洲、國家/地區、城市名稱
BuddyPress,BuddyPress,
Buenos Aires,布宜諾斯艾利斯,洲、國家/地區、城市名稱
buffer,緩衝區,
buffer,緩衝,
bug,程式碼錯誤,
built-in,內建,
Bujumbura,布松布拉,洲、國家/地區、城市名稱
Bulgarian,保加利亞文,語言名稱，介面中稱文不稱語
Bulgarian lev,保加利亞列弗,貨幣名稱
bulk,批次,
bulk action,批次操作,
bulk actions,批次操作,
bullet list,項目符號清單,適用於排版相關內容
bundle,套件組合,
bundle,搭售方案,
bundle,方案,
bundle,搭售,
Burmese,緬甸文,語言名稱，介面中稱文不稱語
Burmese kyat,緬元,貨幣名稱
Burundian franc,蒲隆地法郎,貨幣名稱
Busingen,布辛根,洲、國家/地區、城市名稱
button,按鈕,
cache,快取,
Cairo,開羅,洲、國家/地區、城市名稱
Calcutta,加爾各答,洲、國家/地區、城市名稱
call,呼叫,適用於程式開發
call to action,行動號召,
callback,回呼,適用於程式開發
caller,呼叫端,適用於程式開發
call-to-action,行動號召,
Cambodian,柬埔寨文,語言名稱，介面中稱文不稱語
Cambodian riel,柬埔寨瑞爾,貨幣名稱
Cambridge Bay,劍橋灣,洲、國家/地區、城市名稱
Campo Grande,格蘭德營,洲、國家/地區、城市名稱
Canadian dollar,加拿大元,貨幣名稱
Canary,加那利群島,洲、國家/地區、城市名稱
Canberra,坎培拉,洲、國家/地區、城市名稱
Cancun,坎昆,洲、國家/地區、城市名稱
canvas,編輯區,
Cape Verde,維德角,洲、國家/地區、城市名稱
Cape Verdean escudo,維德角埃斯庫多,貨幣名稱
Caracas,卡拉卡斯,洲、國家/地區、城市名稱
carousel,輪轉,
carousel view,輪轉檢視,適用於檢視方式名稱
Cart,購物車,
Casablanca,卡薩布蘭卡,洲、國家/地區、城市名稱
cascading style sheets,階層式樣式表,
case sensitive,區分大小寫,
case-sensitive,區分大小寫,
Casey,開西站,洲、國家/地區、城市名稱
Catalan,加泰羅尼亞文,語言名稱，介面中稱文不稱語
Catamarca,卡達馬卡,洲、國家/地區、城市名稱
category,分類,
category base,分類目錄起點,
caution,警告,
Cayenne,開雲,洲、國家/地區、城市名稱
Cayman,開曼群島,洲、國家/地區、城市名稱
Cayman Islands dollar,開曼群島元,貨幣名稱
CDN,內容傳遞網路,
Cebuano,宿霧文,語言名稱，介面中稱文不稱語
cell,儲存格,
Center,中心市,洲、國家/地區、城市名稱
Central African CFA franc,中非法郎,貨幣名稱
Central Kurdish,中部庫德文,語言名稱，介面中稱文不稱語
certificate,憑證,
Ceuta,修達,洲、國家/地區、城市名稱
CFP franc,太平洋法郎,貨幣名稱
Chagos,查哥斯,洲、國家/地區、城市名稱
chain,鏈結,
Chamorro,查莫羅文,語言名稱，介面中稱文不稱語
changelog,變更記錄,
channel,頻道,
character,字元,
character set,字元集,
chart,圖表,
Chatham,查塔姆群島,洲、國家/地區、城市名稱
cheat sheet,速查表,
Cheatin' uh?,很抱歉，無法進行這項操作。,
Cheatin&#8217; uh?,很抱歉，無法進行這項操作。,
Cheating uh?,很抱歉，無法進行這項操作。,
Chechen,車臣文,語言名稱，介面中稱文不稱語
checkbox,核取方塊,
checker,檢查程式,
checklist,檢查清單,
checkout,結帳,
checkout,簽出,適用於 SVN、Git 或 GitHub
Chicago,芝加哥,洲、國家/地區、城市名稱
Chichewa,齊切瓦文,語言名稱，介面中稱文不稱語
Chihuahua,赤瓦瓦,洲、國家/地區、城市名稱
child theme,子佈景主題,
Chilean peso,智利披索,貨幣名稱
Chinese,中文,語言名稱，介面中稱文不稱語
Chinese (China),中文 (中國),語言名稱，介面中稱文不稱語
Chinese (Hong Kong),中文 (香港),語言名稱，介面中稱文不稱語
Chinese (Taiwan),中文 (台灣),語言名稱，介面中稱文不稱語
Chinese yuan,中國人民幣,貨幣名稱
Chisinau,奇西瑙,洲、國家/地區、城市名稱
Chita,赤塔,洲、國家/地區、城市名稱
Choibalsan,喬巴山,洲、國家/地區、城市名稱
Chongqing,重慶,洲、國家/地區、城市名稱
choose,選取,
Christmas,聖誕島,洲、國家/地區、城市名稱
Chungking,重慶,洲、國家/地區、城市名稱
Church Slavic,古教會斯拉夫文,語言名稱，介面中稱文不稱語
Chuuk,楚克島,洲、國家/地區、城市名稱
Chuvash,楚瓦什文,語言名稱，介面中稱文不稱語
circle,圓圈,適用於形狀
citation,引文,
CJK Decimal,中日韓文小數,語言名稱，介面中稱文不稱語
CJK Ideographic,中日韓表意字元,語言名稱，介面中稱文不稱語
classic,舊式,
classic,傳統,
classic editor,傳統編輯器,
click,點擊,操作鍵盤、滑鼠及螢幕
client,用戶端,
client,客戶,
Clubhouse,Clubhouse,社交網路服務平台名稱
CMS,CMS,一般來說，CMS 會是 Content Management System (內容管理系統) 的縮寫
Cocos,可可斯群島,洲、國家/地區、城市名稱
Code,程式碼,
code editor,程式碼編輯器,
code snippet,程式碼片段,
codebase,程式碼基底,適用於程式開發
collaborate,協同合作,
collaboration,協同合作,
collapse,收合,
collation,定序,適用於程式開發及資料庫
Colombian peso,哥倫比亞披索,貨幣名稱
Colombo,可倫坡,洲、國家/地區、城市名稱
colon,冒號,適用於標點符號 :
color,色彩,
color scheme,色彩配置,
column,行,
column,資料行,
comfirmation,確認,
comma,逗號,"適用於標點符號 ,"
command prompt,命令提示字元,
comment,留言,
ComodRivadavia,科木多洛,洲、國家/地區、城市名稱
Comorian franc,葛摩法郎,貨幣名稱
Comoro,葛摩,洲、國家/地區、城市名稱
compile,編譯,
compliance,合規性,
component,元件,
Conakry,科納克里,洲、國家/地區、城市名稱
config file,組態檔案,
configure,組態,
confirm,確認,
Congolese franc,剛果法郎,貨幣名稱
connection type,連線類型,
constant,常數,適用於程式開發
constructor,建構函式,
contact form,聯絡表單,
container,容器,
content,內容,
content delivery network,內容傳遞網路,
Content Management System,內容管理系統,
continue,繼續,
contributor,投稿者,適用於 WordPress 預設使用者角色
contributor,參與者,
control,控制項,適用於程式開發
control,控制,
Cookie,Cookie,適用於搜尋引擎及瀏覽器相關內容
Cookies,Cookie,適用於搜尋引擎及瀏覽器相關內容
coordinate,座標,
Copenhagen,哥本哈根,洲、國家/地區、城市名稱
Coral Harbour,珊瑚港,洲、國家/地區、城市名稱
Cordoba,科多瓦,洲、國家/地區、城市名稱
Core,核心程式,適用於說明 WordPress 核心程式
Cornish,康沃耳文,語言名稱，介面中稱文不稱語
Corsican,科西嘉文,語言名稱，介面中稱文不稱語
Costa Rica,哥斯大黎加,洲、國家/地區、城市名稱
Costa Rican col&oacute;n,哥斯大黎加科郎,貨幣名稱
counter,計數器,
coupon code,優惠代碼,
CPT,CPT,CPT 通常是 Custom Post Type (自訂內容類型) 的縮寫
CPT,自訂內容類型,CPT 通常是 Custom Post Type (自訂內容類型) 的縮寫
crawl,檢索,
crawler,檢索器,
create,建立,
Creative Commons,創用 CC,
credentials,認證,
Cree,克里文,語言名稱，介面中稱文不稱語
Creston,克雷斯頓,洲、國家/地區、城市名稱
Croatian,克羅埃西亞文,語言名稱，介面中稱文不稱語
Croatian kuna,克羅埃西亞庫納,貨幣名稱
crop,裁剪,
CSS,CSS,CSS 是 Cascading Style Sheets (階層式樣式表) 的縮寫
CTA,行動號召,
Cuban convertible peso,古巴可兌換披索,貨幣名稱
Cuban peso,古巴披索,貨幣名稱
Cuiaba,古雅巴,洲、國家/地區、城市名稱
Curacao,古拉果,洲、國家/地區、城市名稱
current,目前,
Currie,柯里,洲、國家/地區、城市名稱
custom,自訂,
custom color,自訂色彩,
custom field,自訂欄位,
custom post type,自訂內容類型,
customer,客戶,
customize,自訂,
customizer,外觀自訂器,
Czech,捷克文,語言名稱，介面中稱文不稱語
Czech koruna,捷克克朗,貨幣名稱
Dacca,達卡,洲、國家/地區、城市名稱
Dakar,達卡,洲、國家/地區、城市名稱
Damascus,大馬士革,洲、國家/地區、城市名稱
Danish,丹麥文,語言名稱，介面中稱文不稱語
Danish krone,丹麥克朗,貨幣名稱
Danmarkshavn,格陵蘭,洲、國家/地區、城市名稱
Dar es Salaam,達萊撒蘭,洲、國家/地區、城市名稱
dark mode,深色模式,
Darwin,達爾文,洲、國家/地區、城市名稱
dashboard,控制台,
dashboard widget,控制台小工具,
data,資料,
data erasure request,個人資料清除要求,
database,資料庫,
database collation,資料庫定序,適用於資料庫
database host,資料庫主機位址,
database name,資料庫名稱,
date format,日期格式,
Davis,戴維斯站,洲、國家/地區、城市名稱
Dawson,道森市,洲、國家/地區、城市名稱
Dawson Creek,道森河市,洲、國家/地區、城市名稱
deactivate,停用,
Debian,Debian,Linux 發行版本名稱
debug,偵錯,
decimal,小數,
decimal leading zero,以零開頭小數,
declare,宣告,
decompile,反向編譯,
default,預設,
default,預設值,
default theme,預設佈景主題,
delete,刪除,
Denver,丹佛,洲、國家/地區、城市名稱
deploy,部署,
deployment,部署,
deprecated,淘汰不用,
descending,降冪,
detail,詳細資料,
details,詳細資料,
Detroit,底特律,洲、國家/地區、城市名稱
develop,開發,
developer,開發者,
development,開發,
development,開發工作,
device,裝置,
Dhaka,達卡,洲、國家/地區、城市名稱
Dhivehi,迪培希文,語言名稱，介面中稱文不稱語
Dili,帝利,洲、國家/地區、城市名稱
directive,指示詞,
directory,目錄,
disable,停用,
disassemble,反向組譯,
disc,圓點,適用於形狀
discard,捨棄,
discount,折扣,
display,顯示,
display,顯示方式,
Divehi,迪維西文,語言名稱，介面中稱文不稱語
divider,分隔線,
Djibouti,吉布地,洲、國家/地區、城市名稱
Djiboutian franc,吉布地法郎,貨幣名稱
domain,網域,
domain,網域名稱,
domain name,網域名稱,
Dominica,多明尼加,洲、國家/地區、城市名稱
Dominican peso,多明尼加披索,貨幣名稱
donate,贊助,
donation,贊助,
Douala,杜阿拉,洲、國家/地區、城市名稱
double click,點擊兩下,
double-click,點擊兩下,
down arrow key,向下鍵,鍵盤按鍵名稱
download,下載,
draft,草稿,
drag,拖曳,
drag and drop,拖放,
dropin,強化外掛,
drop-in,強化外掛,
Dubai,杜拜,洲、國家/地區、城市名稱
Dublin,都柏林,洲、國家/地區、城市名稱
DumontDUrville,迪蒙·迪維爾站,洲、國家/地區、城市名稱
Dushanbe,杜尚貝,洲、國家/地區、城市名稱
English,荷蘭文,語言名稱，介面中稱文不稱語
Dutch (Belgium),荷蘭文 (比利時),語言名稱，介面中稱文不稱語
Dutch (Formal),荷蘭文 (正式),語言名稱，介面中稱文不稱語
Dzongkha,宗卡文,語言名稱，介面中稱文不稱語
E.g.,範例,
Earthly Branch,地支,
East Caribbean dollar,東加勒比元,貨幣名稱
Easter,復活節島,洲、國家/地區、城市名稱
eBay,eBay,
eCommerce,電子商務,
editor,編輯,適用於 WordPress 預設使用者角色，同時也適用於其他狀況
editor,編輯器,
editor style,編輯器樣式,
Edmonton,艾德蒙頓,洲、國家/地區、城市名稱
education,教育,
Efate,愛發提,洲、國家/地區、城市名稱
Egyptian pound,埃及鎊,貨幣名稱
Eirunepe,埃魯內佩,洲、國家/地區、城市名稱
El Aaiun,阿尤恩,洲、國家/地區、城市名稱
El Salvador,薩爾瓦多,洲、國家/地區、城市名稱
element,元素,
email,電子郵件地址,有時候開發者會將 Email Address 寫為 Email。請注意，Email 該譯為「電子郵件地址」時，就譯為「電子郵件地址」
email,電子郵件,
email address,電子郵件地址,
embed block,嵌入內容區塊,適用於區塊編輯器、全站編輯相關內容
Emoji,Emoji 表情符號,
emoticon,表情符號,
empty value,空值,
enable,啟用,
encrypt,加密,
encryption,加密,
encryption,加密方式,
Enderbury,恩德伯里島,洲、國家/地區、城市名稱
English,英文,語言名稱，介面中稱文不稱語
English (Australia),英文 (澳大利亞),語言名稱，介面中稱文不稱語
English (Canada),英文 (加拿大),語言名稱，介面中稱文不稱語
English (New Zealand),英文 (紐西蘭),語言名稱，介面中稱文不稱語
English (South Africa),英文 (南非),語言名稱，介面中稱文不稱語
English (UK),英文 (英國),語言名稱，介面中稱文不稱語
English (United States),英文 (美國),語言名稱，介面中稱文不稱語
enlarge,放大,
Ensenada,恩瑟納達,洲、國家/地區、城市名稱
enter,輸入,
Enter,Enter 鍵,鍵盤按鍵名稱
Eritrean nakfa,厄利垂亞奈克法,貨幣名稱
error,錯誤,
error message,錯誤訊息,
Esperanto,世界文,語言名稱，介面中稱文不稱語
Estonian,愛沙尼亞文,語言名稱，介面中稱文不稱語
Etc,其他,
Ethiopian birr,衣索比亞比爾,貨幣名稱
Ethiopic,衣索比亞文,語言名稱，介面中稱文不稱語
Eucla,尤克拉,洲、國家/地區、城市名稱
Euro,歐元,貨幣名稱
Europe,歐洲,洲、國家/地區、城市名稱
Ewe,埃維文,語言名稱，介面中稱文不稱語
excerpt,內容摘要,
existing,現有,
expand,展開,
export,匯出,
export as,匯出為,
extension,擴充功能,
extension,副檔名,
Facebook,Facebook,社交網路服務平台名稱
Facebook Messenger,Facebook Messenger,通訊軟體名稱
Faeroe,法羅群島,洲、國家/地區、城市名稱
Fakaofo,法克奧佛,洲、國家/地區、城市名稱
Falkland Islands pound,福克蘭群島鎊,貨幣名稱
fallback,後援,
fallback chain,後援鏈結,
false positive,誤判,
Famagusta,法馬古斯塔,洲、國家/地區、城市名稱
FAQ,常見問題集,
Faroe,法羅群島,洲、國家/地區、城市名稱
Faroese,法羅文,語言名稱，介面中稱文不稱語
fatal,嚴重,
fatal error,嚴重錯誤,
favicon,網站圖示,
favorites,我的最愛,
featured,精選,
featured image,精選圖片,
featured post,精選內容,
feed,資訊提供,
feedback,意見反應,
field,欄位,
field data,欄位資料,
Fiji,斐濟,洲、國家/地區、城市名稱
Fijian,斐濟文,語言名稱，介面中稱文不稱語
Fijian dollar,斐濟元,貨幣名稱
file,檔案,
File Transfer Protocol,檔案傳輸通訊協定,
filename,檔案名稱,
filter,濾鏡,適用於多媒體處理
filter,篩選器,適用於程式開發
filter,篩選,
filter,篩選條件,
filter hook,篩選器勾點,適用於區塊編輯器、全站編輯相關內容
Finnish,芬蘭文,語言名稱，介面中稱文不稱語
flag,標幟,適用於程式開發
flag,標幟,
flag,旗標,適用於程式開發
flag,標示,
flip horizontal,水平翻轉,
flip vertical,垂直翻轉,
focal point,焦點,
folder,資料夾,
font,字型,適用於字型相關內容
font face,字型定義,適用於字型相關內容
font family,字型系列,適用於字型相關內容
font name,字型名稱,適用於字型相關內容
font size,字型大小,適用於字型相關內容
font variant,字型變體,適用於字型相關內容
font weight,字型粗細,適用於字型相關內容
footer,頁尾,
footnote,註腳,
foreground,前景,
form,表單,
Fort Nelson,納爾遜堡,洲、國家/地區、城市名稱
Fort Wayne,韋恩堡,洲、國家/地區、城市名稱
Fortaleza,福塔力沙,洲、國家/地區、城市名稱
forum,論壇,
framework,架構,
Freetown,自由城,洲、國家/地區、城市名稱
French,法文,語言名稱，介面中稱文不稱語
French (Belgium),法文 (比利時),語言名稱，介面中稱文不稱語
French (Canada),法文 (加拿大),語言名稱，介面中稱文不稱語
French (France),法文 (法國),語言名稱，介面中稱文不稱語
frequently asked questions,常見問題集,
Frisian,夫里斯蘭文,語言名稱，介面中稱文不稱語
Friulian,佛裡烏裡文,語言名稱，介面中稱文不稱語
front end,前端,
front-end,前端,
FTP,FTP,適用於通訊協定，FTP 是 File Transfer Protocol (檔案傳輸通訊協定) 的縮寫
Fulah,富拉赫文,語言名稱，介面中稱文不稱語
full site editing,全站編輯,適用於區塊編輯器、全站編輯相關內容
Funafuti,富納富提,洲、國家/地區、城市名稱
function,函式,適用於程式開發
funnel,漏斗,
Gaborone,嘉柏隆里,洲、國家/地區、城市名稱
Galapagos,加拉巴哥群島,洲、國家/地區、城市名稱
Galician,加里西亞文,語言名稱，介面中稱文不稱語
gallery,圖庫,
Gambian dalasi,甘比亞達拉西,貨幣名稱
Gambier,甘比爾群島,洲、國家/地區、城市名稱
Ganda,干達文,語言名稱，介面中稱文不稱語
Gaza,加薩,洲、國家/地區、城市名稱
GDPR,GDPR,GDPR 是 General Data Protection Regulation (一般資料保護規定) 的縮寫
General Data Protection Regulation,一般資料保護規定,
General Public License,通用公眾授權,
generator,產生器,
Georgian,喬治亞文,語言名稱，介面中稱文不稱語
Georgian lari,喬治亞拉里,貨幣名稱
German,德文,語言名稱，介面中稱文不稱語
German (Austria),德文 (奧地利),語言名稱，介面中稱文不稱語
German (Formal),德文 (正式),語言名稱，介面中稱文不稱語
German (Switzerland),德文 (瑞士),語言名稱，介面中稱文不稱語
"German (Switzerland, Informal)",德文 (瑞士，非正式),語言名稱，介面中稱文不稱語
Ghana cedi,迦納塞地,貨幣名稱
Gibraltar,直布羅陀,洲、國家/地區、城市名稱
Gibraltar pound,直布羅陀鎊,貨幣名稱
GitHub,GitHub,原始程式碼存放庫服務名稱
GitLab,GitLab,原始程式碼存放庫服務名稱
Glace Bay,格萊斯貝,洲、國家/地區、城市名稱
GMT,格林威治標準時間 (GMT),
GMT+0,GMT+0,
GMT+1,GMT+1,
GMT+10,GMT+10,
GMT+11,GMT+11,
GMT+12,GMT+12,
GMT+2,GMT+2,
GMT+3,GMT+3,
GMT+4,GMT+4,
GMT+5,GMT+5,
GMT+6,GMT+6,
GMT+7,GMT+7,
GMT+8,GMT+8,
GMT+9,GMT+9,
GMT0,GMT0,
GMT-0,GMT-0,
GMT-1,GMT-1,
GMT-10,GMT-10,
GMT-11,GMT-11,
GMT-12,GMT-12,
GMT-13,GMT-13,
GMT-14,GMT-14,
GMT-2,GMT-2,
GMT-3,GMT-3,
GMT-4,GMT-4,
GMT-5,GMT-5,
GMT-6,GMT-6,
GMT-7,GMT-7,
GMT-8,GMT-8,
GMT-9,GMT-9,
GNU General Public License,GNU 通用公眾授權,
go back,返回,
Godthab,哥特哈布,洲、國家/地區、城市名稱
Google,Google,
Google Analytics,Google Analytics,建議保留服務英文名稱
Google Analytics,Google 分析,Google 台灣官方譯文，但是不建議使用
Google Docs,Google Docs,
Google Drive,Google 雲端硬碟,
Google Fonts,Google Fonts,
Google Fonts,Google Fonts 網頁字型,
Google Maps,Google 地圖,
Google My Business,Google 我的商家,
Google Photos,Google 相簿,
Google Plus,Google+,社交網路服務平台名稱
Google Sheets,Google Sheets,
Google Slides,Google Slides,
Google+,Google+,社交網路服務平台名稱
Goolge Business Profiles,Google 商家檔案,
Goose Bay,古斯貝,洲、國家/地區、城市名稱
GPL,GPL,GPL 是 GNU General Public License (GNU 通用公眾授權) 的縮寫
Grand Turk,格蘭土克,洲、國家/地區、城市名稱
grant,授予,
Gravatar,Gravatar,個人頭像服務名稱
Greek,希臘文,語言名稱，介面中稱文不稱語
Greenwich,格林威治,洲、國家/地區、城市名稱
Grenada,格瑞那達,洲、國家/地區、城市名稱
grid view,格狀檢視,適用於檢視方式名稱
group,群組,
group,組成群組,
Guadalcanal,瓜達卡那島,洲、國家/地區、城市名稱
Guadeloupe,瓜地洛普,洲、國家/地區、城市名稱
Guam,關島,洲、國家/地區、城市名稱
Guarani,瓜拉尼文,語言名稱，介面中稱文不稱語
Guatemala,瓜地馬拉,洲、國家/地區、城市名稱
Guatemalan quetzal,瓜地馬拉格查爾,貨幣名稱
Guayaquil,圭亞基爾,洲、國家/地區、城市名稱
Guernsey,根西島,洲、國家/地區、城市名稱
Guernsey pound,根西島鎊,貨幣名稱
guest,訪客,
Guinean franc,幾內亞法郎,貨幣名稱
Gujarati,古吉拉特文,語言名稱，介面中稱文不稱語
Gurmukhi,果魯穆奇文,語言名稱，介面中稱文不稱語
Gutenberg,Gutenberg,Gutenberg 外掛是 WordPress 5.0 之後內建的區塊編輯器 (Block Editor) 的前期測試版本。請注意，Gutenberg 外掛只有「Gutenberg」這個名稱，沒有「古騰堡」這種中譯名稱。此外，大多數開發者提及的 Gutenberg，反倒不是單指 Gutenberg 外掛，而是泛指「區塊編輯器」。
Guyana,蓋亞那,洲、國家/地區、城市名稱
Guyanese dollar,蓋亞那元,貨幣名稱
Haitian,海地克裏奧爾文,語言名稱，介面中稱文不稱語
Haitian gourde,海地古德,貨幣名稱
Halifax,哈利法克斯,洲、國家/地區、城市名稱
handle,控點,
Hangul,韓文,語言名稱，介面中稱文不稱語
Hangul Consonant,韓文 (子音),語言名稱，介面中稱文不稱語
Harare,哈拉雷,洲、國家/地區、城市名稱
Harbin,哈爾濱,洲、國家/地區、城市名稱
hard link,直接連結,適用於作業系統及檔案系統
hardware,硬體,
hash tag,主題標籤,
hashtag,主題標籤,
Hausa,豪沙文,語言名稱，介面中稱文不稱語
Havana,哈瓦那,洲、國家/地區、城市名稱
Hazaragi,哈撒拉基文,語言名稱，介面中稱文不稱語
header,標頭,適用於資料傳輸或資料標示
header,頁首,
heading,標題,
heading level,標題階層,
Heavenly Stem,天干,
Hebrew,希伯來文,語言名稱，介面中稱文不稱語
Hebron,希伯侖,洲、國家/地區、城市名稱
height,高度,
Helsinki,赫爾辛基,洲、國家/地區、城市名稱
Herero,赫雷羅文,語言名稱，介面中稱文不稱語
Hermosillo,埃莫西約,洲、國家/地區、城市名稱
hide,隱藏,
hierarchy,階層架構,
Hindi,印度文,語言名稱，介面中稱文不稱語
Hindi (Devanagari),印度文 (梵文字母),語言名稱，介面中稱文不稱語
HiNet,HiNet,
Hiragana,日文平假名,語言名稱，介面中稱文不稱語
Hiragana-Iroha,日文平假名 (伊呂波歌),語言名稱，介面中稱文不稱語
Hiri Motu,希里莫圖文,語言名稱，介面中稱文不稱語
history,歷程記錄,
hit rate,命中率,
hit ratio,命中率,
Ho Chi Minh,胡志明市,洲、國家/地區、城市名稱
Hobart,霍巴特,洲、國家/地區、城市名稱
hold,按住,操作鍵盤、滑鼠及螢幕
Honduran lempira,宏都拉斯倫皮拉,貨幣名稱
Hong Kong,香港,洲、國家/地區、城市名稱
Hong Kong dollar,港元,貨幣名稱
Honolulu,檀香山,洲、國家/地區、城市名稱
hook,勾點,適用於程式開發
horizontal,水平,
Hovd,哈霍德,洲、國家/地區、城市名稱
hover,游標暫留,
HSTS,HSTS,適用於網際網路通訊相關
HTML entities,HTML 實體,
HTTP Strict Transport Security,HTTP 嚴格傳輸安全性,適用於網際網路通訊相關，HSTS 的原文
Hungarian,匈牙利文,語言名稱，介面中稱文不稱語
Hungarian forint,匈牙利福林,貨幣名稱
hyphen,連字號,適用於標點符號 -
hyphenate,連字號,適用於標點符號 -
I18N,I18N,I18N 是 Internationalization (國際化) 的縮寫，因為原文中的 I 及 N 之間有 18 個字母
I18N,國際化,I18N 是 Internationalization (國際化) 的縮寫，因為原文中的 I 及 N 之間有 18 個字母
Icelandic,冰島文,語言名稱，介面中稱文不稱語
Icelandic kr&oacute;na,冰島克朗,貨幣名稱
icon,圖示,
ICQ,ICQ,通訊軟體名稱
identifier,識別碼,
identify,識別,
Ido,伊多文,語言名稱，介面中稱文不稱語
iFrame,iFrame,
Igbo,伊布文,語言名稱，介面中稱文不稱語
image,圖片,
Image Caption,圖片說明文字,
import,匯入,
inactive,未啟用,
inactive,非使用中,
indent,縮排,
index,索引,適用於搜尋引擎相關內容
index,進行索引,適用於搜尋引擎相關內容
index,指數,
Indian,印度,洲、國家/地區、城市名稱
Indian rupee,印度盧比,貨幣名稱
Indiana,印第安那州,洲、國家/地區、城市名稱
Indianapolis,印第安納波利斯,洲、國家/地區、城市名稱
Indonesian,印尼文,語言名稱，介面中稱文不稱語
Indonesian rupiah,印尼盾,貨幣名稱
infinite scroll,無限捲動,
info,資訊,
information,資訊,
inline,內嵌,
Inline CSS,內嵌 CSS,
Inline JavaScript,內嵌 JavaScript,
Inline Script,內嵌指令碼,
insert,插入,
insert into,插入至,
inserter,插入器,
insight,深入解析,
Instagram,Instagram,社交網路服務平台名稱
installer,安裝程式,
instance,執行個體,
integrate,整合,
integration,整合,
interface,介面,
Interlingua (International Auxiliary Language Association),人工國際文 (國際輔助語協會),語言名稱，介面中稱文不稱語
Interlingue,人工國際文,語言名稱，介面中稱文不稱語
Internationalization,國際化,
internet,網際網路,
Inuktitut,依奴提圖特文,語言名稱，介面中稱文不稱語
Inupiaq,伊努特文,語言名稱，介面中稱文不稱語
Inuvik,因紐維克,洲、國家/地區、城市名稱
invalid,無效,
iOS,iOS,作業系統名稱
IP,IP 位址,有時候開發者會將 IP Address 寫為 Email。請注意，IP 該譯為「IP 地址」時，就譯為「IP 地址」
IP address,IP 位址,
Iqaluit,伊魁特,洲、國家/地區、城市名稱
Iranian rial,伊朗里亞爾,貨幣名稱
Iranian toman,伊朗託曼 (1 託曼 = 10 里亞爾),貨幣名稱
Iraqi dinar,伊拉克戴納,貨幣名稱
Irish,愛爾蘭文,語言名稱，介面中稱文不稱語
Irkutsk,伊爾庫次克,洲、國家/地區、城市名稱
Isle of Man,曼島,洲、國家/地區、城市名稱
Israeli new shekel,以色列新謝克爾,貨幣名稱
Istanbul,伊斯坦堡,洲、國家/地區、城市名稱
Italian,義大利文,語言名稱，介面中稱文不稱語
italic,斜體,適用於字型相關內容
item,項目,
item list,項目清單,
iteration,疊代,
Jakarta,雅加達,洲、國家/地區、城市名稱
Jamaica,牙買加,洲、國家/地區、城市名稱
Jamaican dollar,牙買加元,貨幣名稱
Jan Mayen,央棉群島,洲、國家/地區、城市名稱
Japanese,日文,語言名稱，介面中稱文不稱語
Japanese Formal,日文 (正式),語言名稱，介面中稱文不稱語
Japanese Informal,日文 (口語),語言名稱，介面中稱文不稱語
Japanese yen,日圓,貨幣名稱
Javanese,爪哇文,語言名稱，介面中稱文不稱語
JavaScript,JavaScript,
Jayapura,嘉雅浦拉,洲、國家/地區、城市名稱
Jersey,澤西島,洲、國家/地區、城市名稱
Jersey pound,澤西島鎊,貨幣名稱
Jerusalem,耶路撒冷,洲、國家/地區、城市名稱
Johannesburg,約翰尼斯堡,洲、國家/地區、城市名稱
Johnston,詹斯頓島,洲、國家/地區、城市名稱
Jordanian dinar,約旦戴納,貨幣名稱
jQuery,jQuery,
Juba,朱巴,洲、國家/地區、城市名稱
Jujuy,胡胡伊,洲、國家/地區、城市名稱
Juneau,朱諾,洲、國家/地區、城市名稱
Kabul,喀布爾,洲、國家/地區、城市名稱
Kabyle,卡拜爾文,語言名稱，介面中稱文不稱語
KakaoTalk,KakaoTalk,通訊軟體名稱
Kalaallisut,格陵蘭文,語言名稱，介面中稱文不稱語
Kaliningrad,卡里寧格勒,洲、國家/地區、城市名稱
Kamchatka,堪察加,洲、國家/地區、城市名稱
Kampala,坎帕拉,洲、國家/地區、城市名稱
Kannada,坎那達文,語言名稱，介面中稱文不稱語
Kanton,坎頓,洲、國家/地區、城市名稱
Kanuri,卡努里文,語言名稱，介面中稱文不稱語
Karachi,克洛奇,洲、國家/地區、城市名稱
Kartuli,喬治亞文,語言名稱，介面中稱文不稱語
Kashgar,喀什市,洲、國家/地區、城市名稱
Kashmiri,喀什米爾文,語言名稱，介面中稱文不稱語
Katakana,日文片假名,語言名稱，介面中稱文不稱語
Katakana-Iroha,日文片假名 (伊呂波歌),語言名稱，介面中稱文不稱語
Kathmandu,加德滿都,洲、國家/地區、城市名稱
Katmandu,加德滿都,洲、國家/地區、城市名稱
Kazakh,哈薩克文,語言名稱，介面中稱文不稱語
Kazakhstani tenge,哈薩克斯坦堅戈,貨幣名稱
Kentucky,肯塔基州,洲、國家/地區、城市名稱
Kenyan shilling,肯亞先令,貨幣名稱
Kerguelen,凱爾蓋朗群島,洲、國家/地區、城市名稱
keyboard,鍵盤,
keyboard shortcut,鍵盤快速鍵,
Khandyga,漢德加,洲、國家/地區、城市名稱
Khartoum,喀土穆,洲、國家/地區、城市名稱
Khmer,高棉文,語言名稱，介面中稱文不稱語
Kiev,基輔,洲、國家/地區、城市名稱
Kigali,吉佳利,洲、國家/地區、城市名稱
Kikuyu,吉庫尤文,語言名稱，介面中稱文不稱語
Kinshasa,金夏沙,洲、國家/地區、城市名稱
Kinyarwanda,金揚萬答文,語言名稱，介面中稱文不稱語
Kirghiz,柯爾克孜文,語言名稱，介面中稱文不稱語
Kiritimati,刻里提瑪斯,洲、國家/地區、城市名稱
Kirov,基洛夫,洲、國家/地區、城市名稱
Kirundi,科隆地文,語言名稱，介面中稱文不稱語
Knox,諾克斯,洲、國家/地區、城市名稱
Knox IN,諾克斯,洲、國家/地區、城市名稱
Kolkata,加爾各答,洲、國家/地區、城市名稱
Komi,科米文,語言名稱，介面中稱文不稱語
Kongo,剛果文,語言名稱，介面中稱文不稱語
Korean,韓文,語言名稱，介面中稱文不稱語
Korean Hangul Formal,韓國韓文 (正式),語言名稱，介面中稱文不稱語
Korean Hanja Formal,韓國漢字 (正式),語言名稱，介面中稱文不稱語
Korean Hanja Informal,韓國漢字 (口語),語言名稱，介面中稱文不稱語
Kosrae,科瑟爾,洲、國家/地區、城市名稱
Kralendijk,克拉倫代克,洲、國家/地區、城市名稱
Krasnoyarsk,克拉斯諾亞爾斯克,洲、國家/地區、城市名稱
Kuala Lumpur,吉隆坡,洲、國家/地區、城市名稱
Kuching,古晉,洲、國家/地區、城市名稱
Kurdish,庫德文,語言名稱，介面中稱文不稱語
Kurdish (Sorani),庫德文 (索拉尼),語言名稱，介面中稱文不稱語
Kuwait,科威特,洲、國家/地區、城市名稱
Kuwaiti dinar,科威特戴納,貨幣名稱
Kwajalein,瓜加林島,洲、國家/地區、城市名稱
Kwanyama,克萬亞瑪文,語言名稱，介面中稱文不稱語
Kyiv,基輔,洲、國家/地區、城市名稱
Kyrgyzstani som,吉爾吉斯斯坦索姆,貨幣名稱
L10N,本地化,L10N 是 Localization (本地化) 的縮寫，因為原文中的 L 及 N 之間有 10 個字母
L10N,L10N,L10N 是 Localization (本地化) 的縮寫，因為原文中的 L 及 N 之間有 10 個字母
La Paz,拉帕茲,洲、國家/地區、城市名稱
La Rioja,拉里奧哈,洲、國家/地區、城市名稱
Lagos,拉哥斯,洲、國家/地區、城市名稱
landing page,到達網頁,
language pack,語言套件,
Lao,寮文,語言名稱，介面中稱文不稱語
Lao kip,寮國基普,貨幣名稱
Laotian,寮文,語言名稱，介面中稱文不稱語
Latin,拉丁文,語言名稱，介面中稱文不稱語
Latvian,拉脫維亞文,語言名稱，介面中稱文不稱語
launch,啟動,
layout,版面配置,
lazy load,延遲載入,
Lebanese pound,黎巴嫩鎊,貨幣名稱
left arrow key,向左鍵,鍵盤按鍵名稱
Left to Right,從左至右,文字方向
left-click,點擊左鍵,操作鍵盤、滑鼠及螢幕
legacy,舊版,
legacy,舊式,
legacy,傳統,
legend,圖例,
Lesotho loti,賴索托洛蒂,貨幣名稱
letter,字母,
LHI,羅豪島,
Liberian dollar,賴比瑞亞元,貨幣名稱
Libreville,自由市,洲、國家/地區、城市名稱
Libyan dinar,利比亞戴納,貨幣名稱
license,授權,
license,授權方式,
license key,授權金鑰,
lightbox,燈箱,
lightness,亮度,
lightweight,輕量化,
Lima,利馬,洲、國家/地區、城市名稱
Limburgish,林堡文,語言名稱，介面中稱文不稱語
Lindeman,林德曼島,洲、國家/地區、城市名稱
LINE,LINE,通訊軟體名稱，LINE 全大寫
line break,分行符號,
Lingala,林格拉文,語言名稱，介面中稱文不稱語
link,連結,
LinkedIn,LinkedIn,社交網路服務平台名稱
Linux,Linux,作業系統名稱
Lisbon,里斯本,洲、國家/地區、城市名稱
list,清單,
list view,清單檢視,適用於檢視方式名稱
Lithuanian,立陶宛文,語言名稱，介面中稱文不稱語
Ljubljana,盧布亞納,洲、國家/地區、城市名稱
loader,載入程式,
local,本機,本機所代表的裝置不一定就在操作者身旁，也可以是操作者所操作的遠端裝置的本機
locale,地區語言,
localization,本地化,
log,記錄,
log in,登入,
log out,登出,
login,登入,
logo,標誌,不是全部的 Logo 都是「商標」，使用「標誌」比較中性
logout,登出,
Lome,洛梅,
London,倫敦,洲、國家/地區、城市名稱
Longyearbyen,龍宜爾比恩,洲、國家/地區、城市名稱
look up,查詢,
lookup,查詢,
loop,迴圈,適用於程式開發
loopback,回送,
loopback address,迴路位址,
Lord Howe,羅豪,洲、國家/地區、城市名稱
Los Angeles,洛杉磯,洲、國家/地區、城市名稱
Louisville,路易維爾,洲、國家/地區、城市名稱
Lower Alpha/Latin,小寫拉丁字元,語言名稱，介面中稱文不稱語
Lower Armenian,小寫亞美尼亞文,語言名稱，介面中稱文不稱語
Lower Greek,小寫希臘字母,語言名稱，介面中稱文不稱語
Lower Princes,下太子區,洲、國家/地區、城市名稱
Lower Roman,小寫羅馬數字,語言名稱，介面中稱文不稱語
Lower Sorbian,下索布文,語言名稱，介面中稱文不稱語
LTR,LTR,文字方向 Left to Right (從左到右) 的縮寫，例如英文、繁體中文
LTR,從左至右,文字方向 Left to Right (從左到右) 的縮寫，例如英文、繁體中文
Luanda,盧安達,洲、國家/地區、城市名稱
Luba-Katanga,盧巴卡丹加文,語言名稱，介面中稱文不稱語
Lubumbashi,羅彭巴布,洲、國家/地區、城市名稱
Lusaka,路沙卡,洲、國家/地區、城市名稱
Luxembourg,盧森堡,洲、國家/地區、城市名稱
Luxembourgish,盧森堡文,語言名稱，介面中稱文不稱語
Macanese pataca,澳門幣,貨幣名稱
Macao,澳門,洲、國家/地區、城市名稱
Macau,澳門,洲、國家/地區、城市名稱
Macedonian,馬其頓文,語言名稱，介面中稱文不稱語
Macedonian denar,馬其頓代納爾,貨幣名稱
Maceio,馬瑟歐,洲、國家/地區、城市名稱
macOS,macOS,作業系統名稱
Macquarie,麥加利島,洲、國家/地區、城市名稱
Madeira,馬迪拉群島,洲、國家/地區、城市名稱
Madrid,馬德里,洲、國家/地區、城市名稱
Magadan,馬加丹,洲、國家/地區、城市名稱
Mahe,馬赫,洲、國家/地區、城市名稱
Mailchimp,Mailchimp,
maintenance,維護,洲、國家/地區、城市名稱
Majuro,麥哲魯,洲、國家/地區、城市名稱
Makassar,瑪加沙,洲、國家/地區、城市名稱
Malabo,馬拉博,洲、國家/地區、城市名稱
Malagasy,馬達加斯加文,語言名稱，介面中稱文不稱語
Malagasy ariary,馬達加斯加阿里亞里,貨幣名稱
Malawian kwacha,馬拉威克瓦查,貨幣名稱
Malay,馬來文,語言名稱，介面中稱文不稱語
Malayalam,馬來亞拉姆文,語言名稱，介面中稱文不稱語
Malaysian ringgit,馬來西亞令吉,貨幣名稱
Maldives,馬爾地夫,洲、國家/地區、城市名稱
Maldivian rufiyaa,馬爾地夫拉菲亞,貨幣名稱
malicious software,惡意軟體,
Malta,馬爾他,洲、國家/地區、城市名稱
Maltese,馬爾他文,語言名稱，介面中稱文不稱語
manage,管理,
management,管理,
management,管理工作,
manager,管理程式,
Managua,馬納瓜,洲、國家/地區、城市名稱
Manaus,瑪瑙斯,洲、國家/地區、城市名稱
Manila,馬尼拉,洲、國家/地區、城市名稱
manual install,手動安裝,
manual installation,手動安裝,
manually install,手動安裝,
Manx,曼島文,語言名稱，介面中稱文不稱語
Manx pound,曼島鎊,貨幣名稱
Maori,毛利文,語言名稱，介面中稱文不稱語
mapping,對應,
Maputo,馬布多,洲、國家/地區、城市名稱
Marathi,馬拉提文,語言名稱，介面中稱文不稱語
Marengo,馬倫戈,洲、國家/地區、城市名稱
margin,邊界,
MariaDB,MariaDB,資料庫名稱
Mariehamn,瑪麗港,洲、國家/地區、城市名稱
Marigot,馬里戈,洲、國家/地區、城市名稱
mark,標示,
Marquesas,馬克沙斯,洲、國家/地區、城市名稱
Marshallese,馬紹爾文,語言名稱，介面中稱文不稱語
Martinique,馬丁尼克,洲、國家/地區、城市名稱
Maseru,馬塞魯,洲、國家/地區、城市名稱
Mastodon,Mastodon,社交網路服務平台名稱
Matamoros,馬塔莫羅斯,洲、國家/地區、城市名稱
Mauritanian ouguiya,茅利塔尼亞烏吉亞,貨幣名稱
Mauritian rupee,模里西斯盧比,貨幣名稱
Mauritius,模里西斯,洲、國家/地區、城市名稱
Mawson,茂遜,洲、國家/地區、城市名稱
Mayotte,馬約特島,洲、國家/地區、城市名稱
Mazatlan,馬札特蘭,洲、國家/地區、城市名稱
Mbabane,墨巴本,洲、國家/地區、城市名稱
McMurdo,麥克馬多,洲、國家/地區、城市名稱
measurement,測量,
media,媒體,
media library,媒體庫,
media uploader,媒體上傳程式,
Meetup,Meetup 小聚,
Melbourne,墨爾本,洲、國家/地區、城市名稱
memory,記憶體,
memory leak,記憶體流失,適用於程式開發。意指當程式配置了可供使用的記憶體，但在執行完成後未釋放這些配置的記憶體的情況。
Mendoza,門多薩,洲、國家/地區、城市名稱
Menominee,梅諾米尼,洲、國家/地區、城市名稱
menu,選單,適用於資訊系統
menu,菜單,適用於餐飲及餐飲業相關內容
Merida,梅里達,洲、國家/地區、城市名稱
Messenger,Messenger,通訊軟體名稱
method,方法,
Metlakatla,梅特拉卡特拉,洲、國家/地區、城市名稱
MeWe,MeWe,社交網路服務平台名稱
Mexican peso,墨西哥披索,貨幣名稱
Mexico City,墨西哥城,洲、國家/地區、城市名稱
Microsoft,Microsoft,
Midway,中途島,洲、國家/地區、城市名稱
migrate,移轉,
migration,移轉,
minimum requirement,最低安裝需求,
Minsk,明斯克,洲、國家/地區、城市名稱
Miquelon,密克隆群島,洲、國家/地區、城市名稱
modal,強制回應對話方塊,
mode,模式,
model,模型,
model,型號,
modern,新式,
modification,修改,
modify,修改,
module,模組,
Mogadishu,摩加迪休,洲、國家/地區、城市名稱
Moldovan leu,摩爾多瓦列伊,貨幣名稱
Monaco,摩納哥,洲、國家/地區、城市名稱
Moncton,蒙克頓,洲、國家/地區、城市名稱
Mongolian,蒙古文,語言名稱，介面中稱文不稱語
Mongolian t&ouml;gr&ouml;g,蒙古圖格里克,貨幣名稱
Monrovia,蒙羅維亞,洲、國家/地區、城市名稱
Monterrey,蒙特利,洲、國家/地區、城市名稱
Montevideo,蒙特維多,洲、國家/地區、城市名稱
Monticello,蒙蒂塞洛,洲、國家/地區、城市名稱
Montreal,蒙特婁,洲、國家/地區、城市名稱
Montserrat,蒙特色拉特島,洲、國家/地區、城市名稱
Moroccan Arabic,摩洛哥阿拉伯文,語言名稱，介面中稱文不稱語
Moroccan dirham,摩洛哥迪爾汗,貨幣名稱
Moscow,莫斯科,洲、國家/地區、城市名稱
mouse,滑鼠,
mouse shortcut,滑鼠快速鍵,
Mozambican metical,莫三比克梅蒂卡爾,貨幣名稱
multibyte,多位元組,
multi-byte,多位元組,
multisite,多站網路,
Muscat,馬斯喀特,洲、國家/地區、城市名稱
must use,強制使用,適用於 WordPress 提及的 Must Use Plugin。
must-use,強制使用,適用於 WordPress 提及的 Must Use Plugin。
Myanmar,緬甸,語言名稱，介面中稱文不稱語
Myanmar (Burmese),緬甸文 (緬甸),語言名稱，介面中稱文不稱語
MySQL,MySQL,資料庫名稱
Nairobi,奈洛比,洲、國家/地區、城市名稱
Namibian dollar,納米比亞元,貨幣名稱
Nassau,拿索,洲、國家/地區、城市名稱
Nauru,諾魯,洲、國家/地區、城市名稱
Nauru,諾魯文,語言名稱，介面中稱文不稱語
Navajo,納瓦荷文,語言名稱，介面中稱文不稱語
Navigation menu,導覽選單,
Ndjamena,恩加美納,洲、國家/地區、城市名稱
Ndonga,恩東加文,語言名稱，介面中稱文不稱語
Nepalese rupee,尼泊爾盧比,貨幣名稱
Nepali,尼泊爾文,語言名稱，介面中稱文不稱語
Netherlands Antillean guilder,荷屬安的列斯盾,貨幣名稱
Network,多站網路,適用於 WordPress 多站網路相關內容
network,網路,
new,新增,
New Salem,新薩勒姆,洲、國家/地區、城市名稱
New Taiwan dollar,新台幣,貨幣名稱
New York,紐約,洲、國家/地區、城市名稱
New Zealand dollar,紐西蘭元,貨幣名稱
next page,下一頁,
NGINX,NGINX,網頁伺服器名稱
Niamey,尼阿美,洲、國家/地區、城市名稱
Nias,尼亞斯文,語言名稱，介面中稱文不稱語
Nicaraguan c&oacute;rdoba,尼加拉瓜科多巴,貨幣名稱
Nickname,暱稱,
Nicosia,尼古西亞,洲、國家/地區、城市名稱
Nigerian naira,奈及利亞奈拉,貨幣名稱
Nipigon,尼皮貢,洲、國家/地區、城市名稱
Niue,紐威島,
no title,無標題,
Nome,諾姆,洲、國家/地區、城市名稱
nonce,單次有效隨機碼,
Norfolk,諾福克,洲、國家/地區、城市名稱
Noronha,諾拉哈,洲、國家/地區、城市名稱
North,北領地,洲、國家/地區、城市名稱
North Dakota,北達科他,洲、國家/地區、城市名稱
North Korean won,朝鮮圓,貨幣名稱
North Ndebele,北恩德比利文,語言名稱，介面中稱文不稱語
Northern Sami,北沙米文,語言名稱，介面中稱文不稱語
Norwegian,挪威文,語言名稱，介面中稱文不稱語
Norwegian (Bokmål),挪威文 (巴克摩),語言名稱，介面中稱文不稱語
Norwegian (Nynorsk),挪威文 (尼洛斯克),語言名稱，介面中稱文不稱語
Norwegian Bokmal,挪威文 (巴克摩),語言名稱，介面中稱文不稱語
Norwegian krone,挪威克朗,貨幣名稱
Norwegian Nynorsk,挪威文 (尼洛斯克),語言名稱，介面中稱文不稱語
notation,標記法,
notification,通知,
Nouakchott,諾克少,洲、國家/地區、城市名稱
Noumea,諾米亞,洲、國家/地區、城市名稱
Novokuznetsk,新庫茲涅茨克,洲、國家/地區、城市名稱
Novosibirsk,新西伯利亞,洲、國家/地區、城市名稱
NSW,新南威爾斯省,洲、國家/地區、城市名稱
numeric,整數,
Nuuk,努克,洲、國家/地區、城市名稱
object,物件,適用於程式開發
object cache,物件快取,
Occitan,奧西坦文,語言名稱，介面中稱文不稱語
oEmbed,oEmbed,
offset,偏移量,
offset,位移,
Ojibwa,歐及布威文,語言名稱，介面中稱文不稱語
Ojinaga,奧希納加,洲、國家/地區、城市名稱
Omani rial,阿曼里亞爾,貨幣名稱
Omsk,鄂木斯克,洲、國家/地區、城市名稱
one-time,單次,
one-time,買斷型,適用於付費方式
oops,很抱歉,
opacity,不透明度,
open source,開放原始碼,
Openverse,Openverse,目前由 Automattic 管理、維護、開發、更新的創用 CC 授權媒體檔案搜尋引擎。
operating system,作業系統,
operation system,作業系統,
optimization,最佳化,
optimize,最佳化,
option,選項,
Oral,烏拉爾,洲、國家/地區、城市名稱
Oriya,歐利亞文,語言名稱，介面中稱文不稱語
Oromo,奧羅蒙文,語言名稱，介面中稱文不稱語
OS,作業系統,一般來說，OS 會是 Content Management System (作業系統) 的縮寫
Oslo,奧斯陸,洲、國家/地區、城市名稱
Ossetian,奧塞提文,語言名稱，介面中稱文不稱語
Ossetic,奧塞提文,語言名稱，介面中稱文不稱語
Ouagadougou,瓦加杜古,洲、國家/地區、城市名稱
outdent,凸排,
outline,大綱,
outline,外框,適用於網頁設計
outline view,大綱檢視,適用於檢視方式名稱
overlay,覆疊,
overview,概觀,
overview,總覽,
Pacific,太平洋,洲、國家/地區、城市名稱
package,套件,
package,封裝,
packager,封裝工具,
padding,邊框間距,
page,頁面,適用於確定 Page 所指確實是 [頁面] 內容類型時
page builder,頁面編輯器,
Pago Pago,帕哥帕哥,洲、國家/地區、城市名稱
Pakistani rupee,巴基斯坦盧比,貨幣名稱
Palau,帛琉,洲、國家/地區、城市名稱
Pali,帕里文,語言名稱，介面中稱文不稱語
Palmer,帕麥,洲、國家/地區、城市名稱
Panama,巴拿馬,洲、國家/地區、城市名稱
Panamanian balboa,巴拿馬巴波亞,貨幣名稱
Pangnirtung,皮納唐,洲、國家/地區、城市名稱
Panjabi,旁遮普文,語言名稱，介面中稱文不稱語
Panjabi (India),旁遮普文 (印度),語言名稱，介面中稱文不稱語
Papua New Guinean kina,巴布亞紐幾內亞基那,貨幣名稱
Paraguayan guaran&iacute;,巴拉圭瓜拉尼,貨幣名稱
parallax,視差滾動,
Paramaribo,巴拉馬利波,洲、國家/地區、城市名稱
parameter,參數,
parent,上層,
parent theme,上層佈景主題,
Paris,巴黎,洲、國家/地區、城市名稱
parked domain,存放網域,存放網域或只是用來預留網址的網站，其中顯示「建置中」或「即將上線」等類似訊息。
parse,剖析,
parser,剖析器,
part,組件,適用於區塊編輯器、網站編輯器相關內容
Pashto,普什圖文,語言名稱，介面中稱文不稱語
passkey,通行金鑰,Microsoft 官方譯文 (建議採用)
passkey,密碼金鑰,Google 官方譯文
password protected,受密碼保護,
passwordless,無密碼,
path,路徑,
pattern,區塊版面配置,適用於區塊編輯器及全站編輯相關內容
payment gateway,付款入口,
PChome,PChome,
PChome,網路家庭,
peak,尖峰,
pending,待審閱,適用於各種發佈狀態
period,句號,適用於標點符號 .
period,週期,
period,期間,
permalink,永久連結,Google 台灣官方譯文，適用於搜尋引擎相關內容及核心程式
permanent,永久,
permanently,永久,
permission,權限,
Persian,波斯文,語言名稱，介面中稱文不稱語
Persian (Afghanistan),波斯文 (阿富汗),語言名稱，介面中稱文不稱語
persistent object cache,持續物件快取,
Perth,伯斯,洲、國家/地區、城市名稱
Peruvian nuevo sol,秘魯新索爾,貨幣名稱
Petersburg,聖彼得堡,洲、國家/地區、城市名稱
Philippine peso,菲律賓披索,貨幣名稱
phishing,網路釣魚,適用於網際網路行為
Phnom Penh,金邊,洲、國家/地區、城市名稱
Phoenix,鳳凰城,洲、國家/地區、城市名稱
photo,照片,
PHP,PHP,
PHP extension,PHP 擴充功能,
physical,實體,
picker,選擇器,
picture,圖片,
pin,釘選,
ping,自動通知,
pingback,自動引用通知,
Pinterest,Pinterest,社交網路服務平台名稱
Pitcairn,皮特康群島,洲、國家/地區、城市名稱
Pixnet,痞客邦,
Pixnet,Pixnet,
placeholder,預留位置,
please try again,請再試一次,
please wait,請稍候,
plugin,外掛,
plugin directory,外掛目錄,
plugin name,外掛名稱,
podcast,podcast,
Podgorica,波德戈里察,洲、國家/地區、城市名稱
Pohnpei,波納佩島,洲、國家/地區、城市名稱
policy,政策,
Polish,波蘭文,語言名稱，介面中稱文不稱語
Polish z&#x142;oty,波蘭茲羅提,貨幣名稱
Ponape,波納佩島,洲、國家/地區、城市名稱
Pontianak,坤甸,洲、國家/地區、城市名稱
pool,集區,適用於程式開發
port,連接埠,適用於各種裝置
port,通訊埠,適用於通訊協定
Port Moresby,莫爾斯貝港,洲、國家/地區、城市名稱
Port of Spain,西班牙港,洲、國家/地區、城市名稱
Port-au-Prince,太子港,洲、國家/地區、城市名稱
portfolio,作品集,
Porto Acre,亞克港,洲、國家/地區、城市名稱
Porto Velho,韋柳港,洲、國家/地區、城市名稱
Porto-Novo,新港,洲、國家/地區、城市名稱
Portuguese,葡萄牙文,語言名稱，介面中稱文不稱語
Portuguese (Angola),葡萄牙文 (安哥拉),語言名稱，介面中稱文不稱語
Portuguese (Brazil),葡萄牙文 (巴西),語言名稱，介面中稱文不稱語
Portuguese (Portugal),葡萄牙文 (葡萄牙),語言名稱，介面中稱文不稱語
"Portuguese (Portugal, AO90)",葡萄牙文 (葡萄牙，AO90),語言名稱，介面中稱文不稱語
post,文章,適用於確定 Post 所指確實是 [文章] 內容類型時
post editor,內容編輯器,
post format,文章格式,
post status,內容發佈狀態,
post thumbnail,內容縮圖,
post type,內容類型,
postfix,後置詞,
Pound sterling,英鎊,貨幣名稱
Powered by WordPress,本站採用 WordPress 建置,
Prague,布拉格,洲、國家/地區、城市名稱
preference,偏好設定,
prefix,前置詞,
preload list,預載清單,
preloader,預先載入程式,
preset,預設,
preset,預設集,
press,按下,操作鍵盤、滑鼠及螢幕
previous page,上一頁,
privacy policy,隱私權政策,
processor,處理器,
prod,正式環境,如果確定是 Production 的簡寫，則適用於網站建置
production,正式環境,適用於網站建置
profile,個人資料,
profiler,分析工具,
profiling,分析,
promo code,促銷代碼,
promotion code,促銷代碼,
protect,保護,
protection,保護,
protocol,通訊協定,
publish,發佈,
Puerto Rico,波多黎各,洲、國家/地區、城市名稱
pull request,提取要求,適用於程式開發及 Git 相關內容
Punjabi,旁遮普文,語言名稱，介面中稱文不稱語
Punta Arenas,蓬塔阿雷納斯,洲、國家/地區、城市名稱
Pure CSS,Pure CSS,
purpose,目的,
Pyongyang,平壤,洲、國家/地區、城市名稱
Qatar,卡達,洲、國家/地區、城市名稱
Qatari riyal,卡達里亞爾,貨幣名稱
Qostanay,庫斯塔奈,洲、國家/地區、城市名稱
QR Code,QR 圖碼,
Quechua,蓋楚瓦文,語言名稱，介面中稱文不稱語
Queensland,昆士蘭省,洲、國家/地區、城市名稱
query,查詢,
quota,配額,
Qyzylorda,克孜勒奧爾達,洲、國家/地區、城市名稱
radio button,選項按鈕,
Raeto-Romance,里托羅曼斯文,語言名稱，介面中稱文不稱語
Rainy River,雷尼河區,洲、國家/地區、城市名稱
Rangoon,仰光,洲、國家/地區、城市名稱
Rankin Inlet,蘭金音萊特,洲、國家/地區、城市名稱
Rarotonga,拉洛東加島,洲、國家/地區、城市名稱
real-time,即時,
Recife,累西腓,洲、國家/地區、城市名稱
record,記錄,
recover,復原,
recovery,復原,
recovery code,復原代碼,
recovery mode,復原模式,
redirect,重新導向,
redirection,重新導向,
refactor,重構,
refresh,重新整理,
Regina,雷吉納,洲、國家/地區、城市名稱
register,註冊,
registered trademark,註冊商標,
registration,註冊,
regular expression,規則運算式,適用於程式開發
regular price,原價,
relative path,相對路徑,
remove,移除,
render,轉譯,
render,轉譯,適用於程式開發
rep,代表,在外掛目錄或佈景主題中，Rep 通常是 Representative (代表) 的縮寫。舉例來說，Support rep 或 Support Representative 即為「技術支援代表」。
repo,存放庫,在外掛目錄及佈景主題目錄中， repo 是 Repository (存放庫) 的縮寫。
repository,存放庫,適用於 SVN、Git 或 GitHub
representative,代表,範例：Sales Representative 為「銷售代表」。
request,要求,
requirement,需求,
requirement,要求,
reset,重設,
Resolute,努納武特,洲、國家/地區、城市名稱
response code,回應碼,
responsive,回應式,
responsive wed design,回應式網頁設計,
result set,結果集,
Reunion,留尼旺,洲、國家/地區、城市名稱
Reusable Block,可重複使用區塊,
reusable block,可重複使用區塊,適用於區塊編輯器及全站編輯相關內容
reverse proxy,反向 Proxy,
revision,內容修訂,
revoke,撤銷,
rewrite,重新寫入,
rewrite rule,重新寫入規則,
Reykjavik,雷克雅維克,洲、國家/地區、城市名稱
rich snippet,複合式摘要,
Riga,里加,洲、國家/地區、城市名稱
right arrow key,向右鍵,鍵盤按鍵名稱
Right to Left,從右至左,文字方向
right-click,點擊右鍵,操作鍵盤、滑鼠及螢幕
Rio Branco,里約布蘭科,洲、國家/地區、城市名稱
Rio Gallegos,里奧加耶戈斯,洲、國家/地區、城市名稱
Riyadh,利雅德,洲、國家/地區、城市名稱
robot,漫遊器,Google 台灣官方譯文，適用於搜尋引擎相關內容
Rohingya,羅興亞文,語言名稱，介面中稱文不稱語
Romanian,羅馬尼亞文,語言名稱，介面中稱文不稱語
Romanian leu,羅馬尼亞列伊,貨幣名稱
Rome,羅馬,洲、國家/地區、城市名稱
Rosario,羅沙略,洲、國家/地區、城市名稱
Rothera,羅瑟拉站,洲、國家/地區、城市名稱
routine,常式,
row,列,
row,資料列,
RSS,RSS,
RTL,RTL,文字方向 Right to Left (從右到左) 的縮寫，例如阿拉伯文、希伯來文
RTL,從右至左,文字方向 Right to Left (從右到左) 的縮寫，例如阿拉伯文、希伯來文
rule set,規則集,
rule type,規則型別,
ruleset,規則集,
runtime,執行階段,
Russian,俄文,語言名稱，介面中稱文不稱語
Russian ruble,俄羅斯盧布,貨幣名稱
Rwandan franc,盧安達法郎,貨幣名稱
RWD,RWD,RWD 是 Responsive Wed Design (回應式網頁設計) 的縮寫
S&atilde;o Tom&eacute; and Pr&iacute;ncipe dobra,聖多美和普林西比多布拉,貨幣名稱
Saigon,胡志明市,洲、國家/地區、城市名稱
Saint Helena pound,聖赫勒拿島鎊,貨幣名稱
Saipan,塞班島,洲、國家/地區、城市名稱
Sakha,薩哈文,語言名稱，介面中稱文不稱語
Sakhalin,庫頁島,洲、國家/地區、城市名稱
sale price,特價,
Salta,薩爾塔,洲、國家/地區、城市名稱
Samara,沙馬拉,洲、國家/地區、城市名稱
Samarkand,撒馬爾罕,洲、國家/地區、城市名稱
Samoa,薩摩亞,洲、國家/地區、城市名稱
Samoan,薩摩亞文,語言名稱，介面中稱文不稱語
Samoan t&#x101;l&#x101;,薩摩亞塔拉,貨幣名稱
San Juan,聖胡安,洲、國家/地區、城市名稱
San Luis,聖路易斯,洲、國家/地區、城市名稱
San Marino,聖馬利諾,洲、國家/地區、城市名稱
Sango,三國文,語言名稱，介面中稱文不稱語
Sanskrit,梵文,語言名稱，介面中稱文不稱語
Santa Isabel,聖伊薩貝爾,洲、國家/地區、城市名稱
Santarem,聖塔倫,洲、國家/地區、城市名稱
Santiago,聖地牙哥,洲、國家/地區、城市名稱
Santo Domingo,聖多明哥,洲、國家/地區、城市名稱
Sao Paulo,聖保羅,洲、國家/地區、城市名稱
Sao Tome,聖多美,洲、國家/地區、城市名稱
Saraiki,沙雷基文,語言名稱，介面中稱文不稱語
Sarajevo,塞拉耶佛,洲、國家/地區、城市名稱
Saratov,薩拉托夫,洲、國家/地區、城市名稱
Sardinian,薩丁尼亞文,語言名稱，介面中稱文不稱語
Saudi riyal,沙特里亞爾,貨幣名稱
save,儲存,
save changes,儲存設定,
scan,掃描,
schedule,排程,
scheduler,排程器,
schema,架構,Microsoft 官方譯文
schema,結構描述,Microsoft 官方譯文
Scoresbysund,斯可比,洲、國家/地區、城市名稱
Scottish Gaelic,蘇格蘭蓋爾文,語言名稱，介面中稱文不稱語
screen option,顯示項目設定,
screen reader,螢幕閱讀器,
screenshot,螢幕擷圖,
script,指令碼,
search box,搜尋框,適用於搜尋引擎相關內容
search engine,搜尋引擎,適用於搜尋引擎相關內容
search engine optimization,搜尋引擎最佳化,適用於搜尋引擎相關內容，SEO 是 Search Engine Optimization (Search Engine Optimization) 的縮寫
section,區段,
security,安全性,
security key,安全金鑰,
select,選取,
select all,全部選取,
selector,選取器,
self-hosted,自主代管,
semicolon,分號,適用於標點符號 ;
sensitive,敏感性,
sensitive information,敏感性資訊,
SEO,SEO,
Seoul,首爾,洲、國家/地區、城市名稱
separator,分隔符號,
Serbian,塞爾維亞文,語言名稱，介面中稱文不稱語
Serbian dinar,塞爾維亞戴納,貨幣名稱
serialize,序列化,
server,伺服器,
service,服務,
service mark,服務標章,
session,工作階段,
setting,設定,
Seychellois rupee,塞席爾盧比,貨幣名稱
Shanghai,上海,洲、國家/地區、城市名稱
share,分享,
Shift,Shift 鍵,鍵盤按鍵名稱
shim,填充碼,
Shiprock,希普羅克峰,洲、國家/地區、城市名稱
Shona,紹納文,語言名稱，介面中稱文不稱語
shortcode,短代碼,
shortcut,快速鍵,
shortcut,捷徑,
Sichuan Yi,四川彝文,語言名稱，介面中稱文不稱語
sidebar,資訊欄,適用於 WordPress 外掛及佈景主題
Sierra Leonean leone,獅子山利昂,貨幣名稱
Signal,Signal,通訊軟體名稱
signal,訊號,通訊軟體名稱
Silesian,西萊亞西文,語言名稱，介面中稱文不稱語
Simferopol,欣佛洛普,洲、國家/地區、城市名稱
Simplified Chinese,簡體中文,語言名稱，介面中稱文不稱語
Simplified Chinese Formal,簡體中文 (正式),語言名稱，介面中稱文不稱語
Simplified Chinese Informal,簡體中文 (口語),語言名稱，介面中稱文不稱語
Sindhi,信德文,語言名稱，介面中稱文不稱語
Singapore,新加坡,洲、國家/地區、城市名稱
Singapore dollar,新加坡元,貨幣名稱
single page,單篇頁面,
single post,單篇文章,適用於確定 Post 所指確實是 [文章] 內容類型時
single post,單篇內容,
Single Sign-On,單一登入,
Sinhala,僧伽羅文,語言名稱，介面中稱文不稱語
site,網站,
site editor,網站編輯器,
site language,網站介面語言,
sitemap,sitemap,
Sitka,矽地卡,洲、國家/地區、城市名稱
Skopje,斯高彼亞,洲、國家/地區、城市名稱
SKU,SKU,適用於電子商務，全名為 Stock Keeping Unit。這是商品的唯一識別碼，通常由英數字組成。基於管理庫存目的，SKU 用於追蹤商品。SKU 可與任何可購買的項目產生關聯；舉例來說，一件編號為 1114、尺寸為 8 的外套，SKU 便可以訂為 1114-8。
SKU,庫存單位,適用於電子商務，全名為 Stock Keeping Unit。這是商品的唯一識別碼，通常由英數字組成。基於管理庫存目的，SKU 用於追蹤商品。SKU 可與任何可購買的項目產生關聯；舉例來說，一件編號為 1114、尺寸為 8 的外套，SKU 便可以訂為 1114-8。
SKU,商品貨號,適用於電子商務，全名為 Stock Keeping Unit。這是商品的唯一識別碼，通常由英數字組成。基於管理庫存目的，SKU 用於追蹤商品。SKU 可與任何可購買的項目產生關聯；舉例來說，一件編號為 1114、尺寸為 8 的外套，SKU 便可以訂為 1114-8。
SKU,貨號,適用於電子商務，全名為 Stock Keeping Unit。這是商品的唯一識別碼，通常由英數字組成。基於管理庫存目的，SKU 用於追蹤商品。SKU 可與任何可購買的項目產生關聯；舉例來說，一件編號為 1114、尺寸為 8 的外套，SKU 便可以訂為 1114-8。
Skype,Skype,通訊軟體名稱
Slack,Slack,協同作業服務名稱
Slovak,斯洛伐克文,語言名稱，介面中稱文不稱語
Slovenian,斯洛維尼亞文,語言名稱，介面中稱文不稱語
slug,代稱,
smooth,平滑,
smooth scroll,平滑捲動,
Snapchat,Snapchat,社交網路服務平台名稱
snapshot,快照,
snippet,程式碼片段,
social,社交網路服務,
social,社交,
social engineering,社交工程,「社交工程」是指藉由發布內容，誘騙使用者進行只會為自身信賴的實體採取的行動 (例如提供機密資訊)、下載垃圾軟體或惡意軟體，或是落入網路詐騙/釣魚的圈套。
social icon,社交網路服務圖示,
social media,社交網路服務媒體,
social network,社交網路服務,
social share,社交網路服務分享,
Sofia,索菲亞,洲、國家/地區、城市名稱
software,軟體,
Solomon Islands dollar,索羅門群島元,貨幣名稱
Somali,索馬利亞文,語言名稱，介面中稱文不稱語
Somali shilling,索馬利亞先令,貨幣名稱
something went wrong,執行時發生錯誤,
source code,原始程式碼,
South,南澳省,洲、國家/地區、城市名稱
South African rand,南非蘭特,貨幣名稱
South Azerbaijani,南亞塞拜然文,語言名稱，介面中稱文不稱語
South Georgia,南喬治亞,洲、國家/地區、城市名稱
South Korean won,韓圓,貨幣名稱
South Ndebele,南恩德比利文,語言名稱，介面中稱文不稱語
South Pole,南極,洲、國家/地區、城市名稱
South Sudanese pound,南蘇丹鎊,貨幣名稱
Southern Sotho,南索托文,語言名稱，介面中稱文不稱語
spacing,間距,
spam,標示為垃圾訊息,適用於 spam 包含垃圾留言及垃圾郵件的狀況
spam,垃圾訊息,適用於 spam 包含垃圾留言及垃圾郵件的狀況
spam,標示為垃圾留言,
spam,標示為垃圾郵件,
spam,垃圾留言,
spam,垃圾郵件,
Spanish,西班牙文,語言名稱，介面中稱文不稱語
Spanish (Argentina),西班牙文 (阿根廷),語言名稱，介面中稱文不稱語
Spanish (Chile),西班牙文 (智利),語言名稱，介面中稱文不稱語
Spanish (Colombia),西班牙文 (哥倫比亞),語言名稱，介面中稱文不稱語
Spanish (Costa Rica),西班牙文 (哥斯大黎加),語言名稱，介面中稱文不稱語
Spanish (Dominican Republic),西班牙文 (多明尼加共和國),語言名稱，介面中稱文不稱語
Spanish (Ecuador),西班牙文 (厄瓜多爾),語言名稱，介面中稱文不稱語
Spanish (Guatemala),西班牙文 (瓜地馬拉),語言名稱，介面中稱文不稱語
Spanish (Mexico),西班牙文 (墨西哥),語言名稱，介面中稱文不稱語
Spanish (Peru),西班牙文 (祕魯),語言名稱，介面中稱文不稱語
Spanish (Puerto Rico),西班牙文 (波多黎各),語言名稱，介面中稱文不稱語
Spanish (Spain),西班牙文 (西班牙),語言名稱，介面中稱文不稱語
Spanish (Uruguay),西班牙文 (烏拉圭),語言名稱，介面中稱文不稱語
Spanish (Venezuela),西班牙文 (委內瑞拉),語言名稱，介面中稱文不稱語
spider,自動尋檢程式,Google 台灣官方譯文，適用於搜尋引擎相關內容
Spotify,Spotify,線上影音串流服務名稱
square,正方形,適用於形狀
Srednekolymsk,中科雷姆斯克,洲、國家/地區、城市名稱
Sri Lankan rupee,斯里蘭卡盧比,貨幣名稱
ssl certificate,SSL 憑證,
SSO,SSO,SSO 通常是 Single Sign-On (單一登入) 的縮寫
SSO,單一登入,SSO 通常是 Single Sign-On (單一登入) 的縮寫
St Barthelemy,聖巴泰勒米,洲、國家/地區、城市名稱
St Helena,聖赫勒拿島,洲、國家/地區、城市名稱
St Johns,聖約翰,洲、國家/地區、城市名稱
St Kitts,聖克里斯多福,洲、國家/地區、城市名稱
St Lucia,聖露西亞,洲、國家/地區、城市名稱
St Thomas,聖湯瑪士,洲、國家/地區、城市名稱
St Vincent,聖文森,洲、國家/地區、城市名稱
staging,預備環境,適用於網站建置
Stanley,史坦萊,洲、國家/地區、城市名稱
stat,統計資料,
statistics,統計資料,
status,狀態,
step by step,逐步,
step by step guide,逐步指南,
step-by-step,逐步,
step-by-step guide,逐步指南,
sticky,置頂文章,
sticky,固定於頁首,
sticky,置頂,
sticky,固定式,
sticky,固定位置,
Stock Keeping Unit,庫存單位,適用於電子商務，縮寫為 SKU。這是商品的唯一識別碼，通常由英數字組成。基於管理庫存目的，SKU 用於追蹤商品。SKU 可與任何可購買的項目產生關聯；舉例來說，一件編號為 1114、尺寸為 8 的外套，SKU 便可以訂為 1114-8。
Stockholm,斯德哥爾摩,洲、國家/地區、城市名稱
storage space,儲存空間,
structure,結構,
StumbleUpon,StumbleUpon,社交網路服務平台名稱
style,樣式,
style sheet,樣式表,
style variation,樣式變化,適用於 WordPress 全站編輯
subdomain,子網域,
subscribe,訂閱,適用於訂閱內容
subscribe,約期授權,適用於線上服務、軟體的授權方式說明
subscriber,訂閱者,適用於 WordPress 預設使用者角色
subscription,訂閱,適用於訂閱內容
subscription,約期授權,適用於線上服務、軟體的授權方式說明
subtitle,子標題,
Sudanese pound,蘇丹鎊,貨幣名稱
summary,摘要,
Sundanese,巽丹文,語言名稱，介面中稱文不稱語
super admin,多站網路管理員,適用於 WordPress 多站網路相關內容
Surinamese dollar,蘇利南元,貨幣名稱
swag,紀念品,
Swahili,斯瓦希里文,語言名稱，介面中稱文不稱語
Swati,斯瓦帝文,語言名稱，介面中稱文不稱語
Swazi lilangeni,史瓦濟蘭里蘭吉尼,貨幣名稱
Swedish,瑞典文,語言名稱，介面中稱文不稱語
Swedish krona,瑞典克朗,貨幣名稱
Swift Current,斯威夫特卡倫特,
Swiss franc,瑞士法郎,貨幣名稱
switch,交換器,網路通訊裝置名稱
switch,切換,
switcher,切換器,
Sydney,雪梨,洲、國家/地區、城市名稱
symbolic link,符號連結,適用於作業系統及檔案系統
symlink,符號連結,適用於作業系統及檔案系統，Symlink 通常是 Symbolic Link (符號連結) 的簡寫
sync,同步,
synchronization,同步,
synchronize,同步,
Syowa,昭和站,洲、國家/地區、城市名稱
Syrian pound,敘利亞鎊,貨幣名稱
system,系統,
Tab,Tab 鍵,鍵盤按鍵名稱
tab,分頁,
Tab,Tab 定位字元,
table,資料表,適用於資料庫
table,表格,
table of contents,目錄,
table of contents,內容目錄,
tag,標籤,
tag,標示,
tag base,標籤目錄起點,
Tag ID,代碼 ID,Google 台灣官方譯文，適用於搜尋引擎相關內容及 Google Analystics
Tagalog,塔加拉族文,語言名稱，介面中稱文不稱語
tagline,網站說明,
Tahiti,大溪地,洲、國家/地區、城市名稱
Tahitian,大溪地文,語言名稱，介面中稱文不稱語
Taipei,台北,洲、國家/地區、城市名稱
Tajik,塔吉克文,語言名稱，介面中稱文不稱語
Tajikistani somoni,塔吉克斯坦索莫尼,貨幣名稱
Tallinn,塔林,洲、國家/地區、城市名稱
Tamil,坦米爾文,語言名稱，介面中稱文不稱語
Tamil (Sri Lanka),坦米爾文 (斯里蘭卡),語言名稱，介面中稱文不稱語
Tanzanian shilling,坦尚尼亞先令,貨幣名稱
Tarawa,塔拉瓦,洲、國家/地區、城市名稱
target audience,目標對象,
Tashkent,塔什干,洲、國家/地區、城市名稱
task,工作,
Tasmania,塔斯馬尼亞,洲、國家/地區、城市名稱
Tatar,韃靼文,語言名稱，介面中稱文不稱語
taxonomy,分類法,
Tbilisi,第比利斯,洲、國家/地區、城市名稱
Tegucigalpa,德古西加巴,洲、國家/地區、城市名稱
Tehran,德黑蘭,洲、國家/地區、城市名稱
Tel Aviv,特拉維夫,洲、國家/地區、城市名稱
Telegram,Telegram,通訊軟體名稱
Tell City,特爾城,洲、國家/地區、城市名稱
Telugu,泰盧固文,語言名稱，介面中稱文不稱語
template,範本,
template part,範本組件,適用於區塊編輯器、網站編輯器相關內容
term,分類法詞彙,適用於 WordPress 分類法相關內容
test,測試,
test unit,測試單元,
text editor,文字編輯器,
Thai,泰文,語言名稱，介面中稱文不稱語
Thai baht,泰銖,貨幣名稱
theme,佈景主題,
theme directory,佈景主題目錄,
theme name,佈景主題名稱,
theme option,佈景主題選項,
Thimbu,辛布,洲、國家/地區、城市名稱
Thimphu,辛布,洲、國家/地區、城市名稱
Thule,土里島,洲、國家/地區、城市名稱
thumb,縮圖,有些開發者會將 Thumbnail 簡寫為 Thumb
thumbnail,縮圖,
thumbnail size,縮圖尺寸,
Thunder Bay,桑德灣,洲、國家/地區、城市名稱
Tibetan,藏文,語言名稱，介面中稱文不稱語
Tigrinya,提格利尼亞文,語言名稱，介面中稱文不稱語
Tijuana,提華納,洲、國家/地區、城市名稱
Timbuktu,廷巴克圖,洲、國家/地區、城市名稱
time format,時間格式,
timer,計時器,
timezone,時區,
TinyMCE,TinyMCE,
Tirane,地拉那,洲、國家/地區、城市名稱
Tiraspol,提拉斯浦,洲、國家/地區、城市名稱
title,標題,
TLD,頂層網域,如果是與網域相關的內容，就是 top level domain 的縮寫
TLD,TLD,如果是與網域相關的內容，就是 top level domain 的縮寫
TOC,TOC,
TOC,目錄,
TOC,內容目錄,
token,權杖,
Tokyo,東京,洲、國家/地區、城市名稱
Tomsk,托木斯克,洲、國家/地區、城市名稱
Tonga,東加文,語言名稱，介面中稱文不稱語
Tongan pa&#x2bb;anga,東加潘加,貨幣名稱
Tongatapu,東加塔普,洲、國家/地區、城市名稱
tool,工具,
top level domain,頂層網域,
top-level domain,頂層網域,
Toronto,多倫多,洲、國家/地區、城市名稱
Tortola,托托拉,洲、國家/地區、城市名稱
track,追蹤,
trackback,引用通知,
tracker,追蹤器,
tracking code,追蹤程式碼,Google 台灣官方譯文，適用於搜尋引擎相關內容及 Google Analystics
trademark,商標,
Traditional Chinese,繁體中文,語言名稱，介面中稱文不稱語
Traditional Chinese Formal,繁體中文 (正式),語言名稱，介面中稱文不稱語
Traditional Chinese Informal,繁體中文 (口語),語言名稱，介面中稱文不稱語
translation,譯文,
translation,語言套件,
translation,本地化,
Transnistrian ruble,聶斯特河沿岸盧布,貨幣名稱
transparent,透明度,
transport,傳輸,
trash,回收桶,
trash,移至回收桶,
Trinidad and Tobago dollar,千里達及托巴哥元,貨幣名稱
Tripoli,的黎波里,洲、國家/地區、城市名稱
Troll,特羅爾站,洲、國家/地區、城市名稱
Truk,楚克,洲、國家/地區、城市名稱
Truth Social,Truth Social,社交網路服務平台名稱
try again,再試一次,
Tsonga,頌加文,語言名稱，介面中稱文不稱語
Tswana,班圖文,語言名稱，介面中稱文不稱語
Tucuman,圖庫曼,洲、國家/地區、城市名稱
Tumblr,Tumblr,內容發佈平台名稱
Tunis,突尼斯,洲、國家/地區、城市名稱
Tunisian dinar,突尼西亞戴納,貨幣名稱
tunnel,通道,
Turkish,土耳其文,語言名稱，介面中稱文不稱語
Turkish lira,土耳其里拉,貨幣名稱
Turkmen,土庫曼文,語言名稱，介面中稱文不稱語
Turkmenistan manat,土庫曼斯坦馬納特,貨幣名稱
Twi,帝維文,語言名稱，介面中稱文不稱語
Twitter,Twitter,社交網路服務平台名稱
two-factor authentication,兩步驟驗證,
two-step authentication,兩步驟驗證,
typography,排版樣式,
Ubuntu,Ubuntu,Linux 發行版本名稱
UCT,UCT,
Ugandan shilling,烏干達先令,貨幣名稱
Uighur,維吾爾文,語言名稱，介面中稱文不稱語
Ujung Pandang,錫江,洲、國家/地區、城市名稱
Ukrainian,烏克蘭文,語言名稱，介面中稱文不稱語
Ukrainian hryvnia,烏克蘭格里夫納,貨幣名稱
Ulaanbaatar,烏蘭巴托,洲、國家/地區、城市名稱
Ulan Bator,烏蘭巴托,洲、國家/地區、城市名稱
Ulyanovsk,烏里揚諾夫斯克,洲、國家/地區、城市名稱
underscore,底線,
underscore,底線,適用於標點符號 _
undo,復原,
ungroup,取消群組,
unique,唯一,
unique identifier,唯一識別碼,
United Arab Emirates dirham,阿拉伯聯合大公國迪拉姆,貨幣名稱
United States dollar,美元,貨幣名稱
Universal,國際標準時間,
universal,標準,
universal,通用,
unload,解除載入,從儲存空間移除儲存的項目。
unload,卸載,將軟體從系統記憶體中移除。
unsaved change,未儲存的變更,
unschedule,取消排程,
untitled,未命名,
unwanted software,垃圾軟體,
up arrow key,向上鍵,鍵盤按鍵名稱
update,更新,
upgrade,升級,
uploader,上傳程式,
Upper Alpha/Latin,大寫拉丁字元,語言名稱，介面中稱文不稱語
Upper Roman,大寫羅馬數字,語言名稱，介面中稱文不稱語
Upper Sorbian,上索布文,語言名稱，介面中稱文不稱語
Urdu,烏都文,語言名稱，介面中稱文不稱語
URI,URI,
URL,網址,
URL Slug,網址代稱,
Uruguayan peso,烏拉圭披索,貨幣名稱
Urumqi,烏魯木齊,洲、國家/地區、城市名稱
user,使用者,
user agent,使用者代理程式,
user interface,使用者介面,
user role,使用者角色,
Ushuaia,烏斯懷亞,洲、國家/地區、城市名稱
Ust-Nera,烏斯季涅拉,洲、國家/地區、城市名稱
UTC,國際標準時間 (UTC),
Uzbek,烏茲別克文,語言名稱，介面中稱文不稱語
Uzbekistani som,烏茲別克索姆,貨幣名稱
Uzhgorod,烏日霍羅德,洲、國家/地區、城市名稱
Vaduz,瓦都茲,洲、國家/地區、城市名稱
Vancouver,溫哥華,洲、國家/地區、城市名稱
Vanuatu vatu,萬那杜瓦圖,貨幣名稱
variable font,可變字型,Google 台灣官方譯文，適用於字型相關內容
variation,樣式變化,適用於 WordPress 全站編輯
Vatican,梵蒂岡,
Venda,文達文,語言名稱，介面中稱文不稱語
vendor,廠商,
Venezuelan bol&iacute;var,委內瑞拉玻利瓦爾,貨幣名稱
verification,驗證,
verification code,驗證碼,
verify,驗證,
version control,版本控制,
vertical,垂直,
Vevay,韋韋,洲、國家/地區、城市名稱
Viber,Viber,通訊軟體名稱
Victoria,維多利亞省,洲、國家/地區、城市名稱
video,視訊,
Vienna,維也納,洲、國家/地區、城市名稱
Vientiane,永珍,洲、國家/地區、城市名稱
Vietnamese,越南文,語言名稱，介面中稱文不稱語
Vietnamese &#x111;&#x1ed3;ng,越南盾,貨幣名稱
view all,檢視全部,
view mode,檢視模式,
viewer,檢視器,
viewport,檢視區,適用於網頁設計
Vilnius,維爾紐斯,洲、國家/地區、城市名稱
Vimeo,Vimeo,線上影音串流服務名稱
Vincennes,湯森斯,洲、國家/地區、城市名稱
Virgin,維爾京群島,洲、國家/地區、城市名稱
virtual,虛擬,
visual editor,視覺化編輯器,
VK,VK,社交網路服務平台名稱
Vkontakte,Vkontakte,社交網路服務平台名稱
Vladivostok,海參崴,洲、國家/地區、城市名稱
Volapuk,沃拉普克文,語言名稱，介面中稱文不稱語
Volgograd,伏爾加格勒,洲、國家/地區、城市名稱
Vostok,弗斯托克,洲、國家/地區、城市名稱
Wake,威克島,洲、國家/地區、城市名稱
Wallis,瓦利斯,洲、國家/地區、城市名稱
Walloon,華隆文,語言名稱，介面中稱文不稱語
Warsaw,華沙,洲、國家/地區、城市名稱
web font,網頁字型,適用於字型相關內容
webfont,網頁字型,適用於字型相關內容
website,網站,
Welsh,威爾斯文,語言名稱，介面中稱文不稱語
West,西澳省,洲、國家/地區、城市名稱
West African CFA franc,西非法郎 (非洲金融共同體法郎),貨幣名稱
Western Frisian,西弗里西亞文,語言名稱，介面中稱文不稱語
what you see is what you get,所見即所得,
WhatsApp,WhatsApp,通訊軟體名稱
what-you-see-is-what-you-get,所見即所得,
white list,允許清單,
Whitehorse,白馬鎮,洲、國家/地區、城市名稱
whitelist,允許清單,
widget,小工具,
widget area,小工具區域,
width,寬度,
wildcard,萬用字元,
wildcard certificate,萬用字元憑證,
Winamac,威納馬克,洲、國家/地區、城市名稱
Windhoek,溫吐克,洲、國家/地區、城市名稱
window,視窗,
Windows,Windows,作業系統名稱
Winnipeg,溫尼柏,洲、國家/地區、城市名稱
wizard,精靈,
Wolof,沃洛夫文,語言名稱，介面中稱文不稱語
WooCommerce,WooCommerce,
WordCamp,WordCamp 活動,
WordPress,WordPress,
WordPress Core,WordPress 核心程式,
WordPress Multisite,WordPress 多站網路,Multisite 是舊版詞彙，與新版的 Network 統一譯文為「多站網路」
WordPress Network,WordPress 多站網路,Network 是新版詞彙，與舊版的 Multisite 統一譯文為「多站網路」
WordPress.com,WordPress.com,
WYSIWYG,WYSIWYG,What You See Is What You Get (所見即所得) 的縮寫
WYSIWYG,所見即所得,What You See Is What You Get (所見即所得) 的縮寫
Xhosa,廓薩文,語言名稱，介面中稱文不稱語
XML,XML,
XML-RPC,XML-RPC,
Yakutat,亞庫塔特,洲、國家/地區、城市名稱
Yakutsk,雅庫茨克,洲、國家/地區、城市名稱
Yancowinna,揚科維納,洲、國家/地區、城市名稱
Yangon,仰光,洲、國家/地區、城市名稱
Yap,雅浦島,洲、國家/地區、城市名稱
Yekaterinburg,耶卡特寧伯格,洲、國家/地區、城市名稱
Yellowknife,耶洛奈夫,洲、國家/地區、城市名稱
Yemeni rial,葉門里亞爾,貨幣名稱
Yerevan,葉里溫,洲、國家/地區、城市名稱
Yiddish,意第緒文,語言名稱，介面中稱文不稱語
Yoruba,優魯巴文,語言名稱，介面中稱文不稱語
YouTube,YouTube,線上影音串流服務名稱
Zagreb,札格雷布,洲、國家/地區、城市名稱
Zaporozhye,札波羅結,洲、國家/地區、城市名稱
Zhuang,壯文,語言名稱，介面中稱文不稱語
Zulu,祖魯,洲、國家/地區、城市名稱
Zurich,蘇黎世,洲、國家/地區、城市名稱
asterisk,星號,即 * 這個符號
receipt,收據,適用於電子商務
receipt,回條,適用於聯絡表單或電子郵件
activation code,啟用代碼,
font collection,字型集,
status code,狀態代碼,
error code,錯誤代碼,
reply code,回覆代碼,
patch,修補程式,
hot fix,修正程式,
hotfix,修正程式,
rollup,匯總套件,
redirection code,重新導向代碼,
roadmap,藍圖,
Patchstack,Patchstack,
heartbeat,活動訊號,
recompile,重新編譯,
performance,效能,
suspension,暫停,
sensor,感應器,
cross-selling,交叉銷售,
cross-sell,交叉銷售,
upselling,追加銷售,
upsell,追加銷售,
clipboard,剪貼簿,
Short URL,短網址,
structure tag,結構標籤,
wishlist,願望清單,
LINE,LINE,通訊軟體名稱
ascending,遞增,
descending,遞減,
ASC,遞增,如果是排序方式的屬性值，請保留原文
DES,遞減,如果是排序方式的屬性值，請保留原文
firewall,防火牆,
lock down,鎖定,
lockdown,鎖定,
legitimate,合法,
legitimate,正當,
upload,上傳,
correlate,相互關聯,
gateway,閘道,
robots.txt,robots.txt,
Open Graph,開放社交關係圖,Facebook 官方譯文
white label,自訂品牌,
manifest,資訊清單,
enumeration,列舉,
enumerate,列舉,
bloat,浮濫功能,
bloatware,浮濫軟體,
redundant,冗餘,
webinar,網路研討會,
principle,原則,
ownership,擁有權,
funding,資金,
generative AI,生成式 AI,
generative pre-trained transformer,生成式預先訓練轉換器,
generative,生成式,
pre-trained,預先訓練,
transformer,轉換器,
boolean,布林,
operator,運算子,
copy,複製,
assignment,指派,
copy,複本,
script tag,指令碼標籤,
helper,協助程式,
serif,有襯線,
sans serif,無襯線,
serif,有襯線字型,字型的基本外觀分類，英文字型如 Times New Roman，繁體中文字型如 Noto Serif TC。
sans serif,無襯線字型,字型的基本外觀分類，英文字型如 Arial，繁體中文字型如 Noto Sans TC。
reverse lookup,反向對應,
Fully Qualified Domain Name,完整網域名稱,
FQDN,FQDN,FQDN 是 Fully Qualified Domain Name (完整網域名稱) 的縮寫
Domain Name System,網域名稱系統,
DNS,DNS,DNS 是 Domain Name System (網域名稱系統) 的縮寫
resolver,解析程式,
paywall,付費牆,
paywall,需要付費,
empty string,空白字串,
value-added tax,加值稅,
VAT,加值稅,
shallow copy,淺層複製,對來源項目進行淺層複製，目標項目與來源項目共享相同引用的複本。在這種狀態下，無論變更來源項目或目標項目，都會導致另一個項目的變更。
deep copy,深層複製,對來源項目進行深層複製，目標項目與來源項目為分別獨立的項目，變更其中一個項目不會影響另一個項目。
programming language,程式設計語言,
salt,加密字串,
transactional email ,觸發式電子郵件,
edit,編輯,
validate,驗證,
validation,驗證,
expression,運算式,適用於程式開發
privacy statement,隱私權聲明,
statement,聲明,
statement,陳述式,適用於程式開發
release candidate,發行候選版本,
RC,RC,RC 通常是 Release Candidate (發行候選版本) 的縮寫
typo,拼寫錯誤,
Threads,Threads,社交網路服務平台名稱
assertion,判斷提示,適用於程式開發
override,覆寫,
retrieve,擷取,
defer,延遲,
defer,順延,
Audio,音訊,WordPress 核心程式內建的文章格式 (Post Format) 之一，需要佈景主題支援才能顯示
Video,視訊,WordPress 核心程式內建的文章格式 (Post Format) 之一，需要佈景主題支援才能顯示
Status,近況簡述,WordPress 核心程式內建的文章格式 (Post Format) 之一，需要佈景主題支援才能顯示
Quote,引文,WordPress 核心程式內建的文章格式 (Post Format) 之一，需要佈景主題支援才能顯示
Image,圖片,WordPress 核心程式內建的文章格式 (Post Format) 之一，需要佈景主題支援才能顯示
Link,連結,WordPress 核心程式內建的文章格式 (Post Format) 之一，需要佈景主題支援才能顯示
Gallery,圖庫,WordPress 核心程式內建的文章格式 (Post Format) 之一，需要佈景主題支援才能顯示
Chat,交談記錄,WordPress 核心程式內建的文章格式 (Post Format) 之一，需要佈景主題支援才能顯示
Aside,記事,WordPress 核心程式內建的文章格式 (Post Format) 之一，需要佈景主題支援才能顯示
Standard,標準,WordPress 核心程式內建的文章格式 (Post Format) 之一，需要佈景主題支援才能顯示
blockquote,段落引用,
security token,安全性憑證,
Generic top-level domain,通用頂層網域,
registry,網域註冊管理機構,如果 registry 用於與網域註冊相關的內容，有一定的機會是指「網域註冊管理機構」。
gTLD,gTLD,Generic top-level domain (通用頂層網域) 的縮寫
gTLD,通用頂層網域,Generic top-level domain (通用頂層網域) 的縮寫
ccTLD,ccTLD,Country code top-level-domain (國家/地區代碼頂層網域) 的縮寫
ccTLD,國家/地區代碼頂層網域,Country code top-level-domain (國家/地區代碼頂層網域) 的縮寫
Country code top-level-domain,國家/地區代碼頂層網域,
decentralize,分散式,
centralize,集中式,
decentralized,分散式,
centralized,集中式,
Black Friday,黑色星期五,
Cyber Monday,網購星期一,
Uyghur,維吾爾文,語言名稱，介面中稱文不稱語
MIME,MIME,
MIME Type,MIME 類型,
preserve,保留,
reserve,保留,
context menu,操作功能表,
dialog,對話,
dialog box,對話方塊,
dialog,對話方塊,
temporary directory,暫存目錄,
redo,取消復原,
unmount,卸載,適用於連接儲存裝置
mount,掛接,適用於連接儲存裝置
dismount,卸載,適用於連接儲存裝置
popup,彈出式訊息,
temporary file,暫存檔案,
playlist,播放清單,
threshold,臨界值,
threshold,閾值,「閾值」對一般人來說比較不好理解，一般可以使用「臨界值」
comma separated values,逗點分隔值,檔案格式的一種，縮寫為 CSV
CSV,CSV,CSV 是 Comma Separated Values (逗點分隔值) 的縮寫，檔案格式的一種
file type,檔案類型,
file type association,檔案類型關聯,
acquire,擷取,
algorithm,演算法,
hash,雜湊,
hash,雜湊值,
mouseover,游標暫留,
incremental search,累加搜尋,
impersonate,模擬,
malware,惡意程式碼,
phish,網路釣魚,
phishing,網路釣魚,
quick start,快速入門,
tutorial,教學課程,
LinkedIn,LinkedIn,
TikTok,TikTok,
campaign,廣告活動,Google 官方譯文 (建議採用)
uptime,運作時間,
downtime,停機時間,
outage,中斷,
incident,事件,
event,事件,
breakdown,解析,
spacer,空白間隔,
progress bar,進度列,
workaround,因應措施,
solution,解決方案,
query string,查詢字串,
check,核取,操作對象為核取方塊 (Checkbox) 時使用
uncheck,取消核取,操作對象為核取方塊 (Checkbox) 時使用
wipe,抹除,
tree view,樹狀檢視,適用於檢視方式名稱
tree,樹狀結構,適用於說明結構顯示方式
flat,平面,
flat,單層式,
multicurrency,多重貨幣,
multi-currency,多重貨幣,
mailer,郵件程式,
lifetime license,終生授權,
startup,啟動,
startup folder,起始資料夾,
startup,起始,
multilingual,多語,
multilingual,多語系,
multi-purpose,多用途,
multipurpose,多用途,
starter kit,入門套件,
starter,入門,
starter,起始,
kit,套件,
cross-site,跨網站,
cross site,跨網站,
panel,面板,
Sublime Text,Sublime Text,純文字編輯器名稱。
Emacs,Emacs,純文字編輯器名稱。
Vim,Vim,純文字編輯器名稱。
fold,折疊,
vault,保存庫,
compatibility,相容性,
command line,命令列,
command,命令,
whitespace,空白字元,
non-whitespace,非空白字元,
address book,通訊錄,
one-time password,單次有效密碼,
OTP,OTP,OTP 通常是 One-Time Password (單次有效密碼) 的縮寫
OTP,單次有效密碼,OTP 通常是 One-Time Password (單次有效密碼) 的縮寫
Gaelic,蓋爾文,語言名稱，介面中稱文不稱語
Hawaiian,夏威夷文,語言名稱，介面中稱文不稱語
Hmong,白苗文,語言名稱，介面中稱文不稱語
Nyanja,尼揚賈文,語言名稱，介面中稱文不稱語
Zulu,祖魯文,語言名稱，介面中稱文不稱語
resend,重新傳送,
open rate,開啟率,
asynchronous,非同步,
socket,通訊端,
trillion,兆,不要直譯，該換算成本地用法就換算。舉例來說，10 thousand 是 1 萬 (不是 10 千)，12 million 是 1 千 2 百萬 (或 1200 萬，不是 12 百萬)，1.4 billion 是 14 億 (不是 1.4 十億)
million,百萬,不要直譯，該換算成本地用法就換算。舉例來說，10 thousand 是 1 萬 (不是 10 千)，12 million 是 1 千 2 百萬 (或 1200 萬，不是 12 百萬)，1.4 billion 是 14 億 (不是 1.4 十億)
thousand,千,不要直譯，該換算成本地用法就換算。舉例來說，10 thousand 是 1 萬 (不是 10 千)，12 million 是 1 千 2 百萬 (或 1200 萬，不是 12 百萬)，1.4 billion 是 14 億 (不是 1.4 十億)
billion,十億,不要直譯，該換算成本地用法就換算。舉例來說，10 thousand 是 1 萬 (不是 10 千)，12 million 是 1 千 2 百萬 (或 1200 萬，不是 12 百萬)，1.4 billion 是 14 億 (不是 1.4 十億)
infrastructure,基礎結構,
one-to-one,一對一,
encode,編碼,
encoder,編碼器,
decode,解碼,
decoder,解碼器,
pane,窗格,
long-tail,長尾,
long tail,長尾,
notation,符號,
annotation,註解,
tilde,波狀符號,
exclamation point,驚嘆號,
percent,百分比符號,
caret,插入號,
ampersand,and 符號,
apostrophe,單引號,
backslash,反斜線,
accent grave,抑音符號,
left brace,左大括弧,
right brace,右大括弧,
left parenthesis,左括弧,
right parenthesis,右括弧,
comma,逗號,
sandbox,沙箱,
ad blocker,廣告攔截器,
ad-blocker,廣告攔截器,
adblocker,廣告攔截器,
non-infringement,未侵權,
noninfringement,未侵權,
infringement,侵權,
trigger,觸發,
trigger,觸發程序,
capability,權限,以 WordPress 使用這個字彙的實際用途及定義而言，絕大多數的時候是指「權限」。
Lao People's Democratic Republi,寮國,
Lao,寮國,
Laos,寮國,
United Kingdom of Great Britain and Northern Ireland,大不列顛及北愛爾蘭聯合王國,
United Kingdom of Great Britain and Northern Ireland,英國,
United States of America,美國,
Holy See,梵蒂岡,
United Kingdom,英國,
United States,美國,
North Korean,朝鮮,
South Korean,韓國,
Korea (the Republic of),韓國,
Korea (the Democratic People's Republic of),朝鮮,
Republic of North Macedonia,北馬其頓,
Republic of North Macedonia,北馬其頓共和國,
Côte d`Ivoire,象牙海岸,
Falkland Islands,福克蘭群島,
Malvinas,馬爾維納斯,
virtual private network,虛擬私人網路,
VPN,VPN,
virtual private server,虛擬專屬伺服器,
VPS,VPS,
Shared Hosting,共享主機,
structured data,結構化資料,
BY,姓名標示,適用於 Creative Commons 創用 CC 授權方式
NC,非商業性,適用於 Creative Commons 創用 CC 授權方式
ND,禁止改作,適用於 Creative Commons 創用 CC 授權方式
SA,相同方式分享,適用於 Creative Commons 創用 CC 授權方式
availability,可用性,
booking,預約,
check,檢查,
impression,曝光次數,適用於搜尋引擎及網路廣告相關內容
position,排名,適用於搜尋引擎及網路廣告相關內容
click,點擊次數,適用於搜尋引擎及網路廣告相關內容
instantiate,具現化,適用於程式開發
fine-tune,微調,
fine tune,微調,
blockchain,區塊鏈,
book,預約,
contextual menus,操作功能表,
schema,結構定義,Google 官方譯文 (如果是網際網路及網站相關，建議採用)
Rich Results Test,複合式搜尋結果測試,Google 官方測試工具名稱
Schema Markup Validator,結構定義標記驗證工具,Google 官方測試工具名稱
declaration,宣告,
unauthorized,未經授權的,
timestamp,時間戳記,
Knowledge Graph,知識圖譜,Google 官方譯文 (如果是網際網路及網站相關，建議採用)
updater,更新程式,
sales funnel ,行銷漏斗,
Core Web Vitals,網站使用體驗核心指標,這是 Google 推廣的網站評估指標，請使用 Google 官方譯文。
compiler,編譯器,
CWV,CWV,一般來說，CWV 會是 Core Web Vitals (網站使用體驗核心指標) 的縮寫
Kyrgyz,吉爾吉斯文,語言名稱，介面中稱文不稱語
